,POS_ID,POS_LONGITUD,POS_LATITUD,POS_ID_2,POS_LONGITUD_2,POS_LATITUD_2
20015,53114628,2.09492,41.47936,53114613,2.09492,41.47936
20028,53114628,2.09492,41.47936,53114600,2.09492,41.47936
20043,53114628,2.09492,41.47936,53114585,2.09492,41.47936
20059,53114628,2.09492,41.47936,53114569,2.09492,41.47936
20071,53114628,2.09492,41.47936,53114557,2.09492,41.47936
20085,53114628,2.09492,41.47936,53114543,2.09492,41.47936
20098,53114628,2.09492,41.47936,53114530,2.09492,41.47936
20112,53114628,2.09492,41.47936,53114516,2.09492,41.47936
20120,53114628,2.09492,41.47936,53114508,2.09492,41.47936
20135,53114628,2.09492,41.47936,53114493,2.09492,41.47936
20152,53114628,2.09492,41.47936,53114476,2.09492,41.47936
20167,53114628,2.09492,41.47936,53114461,2.09492,41.47936
20188,53114628,2.09492,41.47936,53114440,2.09492,41.47936
20228,53114628,2.09492,41.47936,53114400,2.09492,41.47936
20315,53114628,2.09492,41.47936,53114312,2.09492,41.47936
20376,53114628,2.09492,41.47936,53114251,2.09492,41.47936
20454,53114628,2.09492,41.47936,53114173,2.09492,41.47936
20521,53114628,2.09492,41.47936,53114106,2.09492,41.47936
20575,53114628,2.09492,41.47936,53114052,2.09492,41.47936
20640,53114628,2.09492,41.47936,53113987,2.09492,41.47936
20677,53114628,2.09492,41.47936,53113949,2.09492,41.47936
20697,53114628,2.09492,41.47936,53113929,2.09492,41.47936
20727,53114628,2.09492,41.47936,53113898,2.09492,41.47936
20747,53114628,2.09492,41.47936,53113877,2.09492,41.47936
20774,53114628,2.09492,41.47936,53113850,2.09492,41.47936
20803,53114628,2.09492,41.47936,53113820,2.09492,41.47936
20829,53114628,2.09492,41.47936,53113794,2.09492,41.47936
20869,53114628,2.09492,41.47936,53113753,2.09492,41.47936
20905,53114628,2.09492,41.47936,53113717,2.09492,41.47936
60012,53114626,2.09539,41.47969,53114614,2.09539,41.47969
60025,53114626,2.09539,41.47969,53114601,2.09539,41.47969
60038,53114626,2.09539,41.47969,53114588,2.09539,41.47969
60054,53114626,2.09539,41.47969,53114572,2.09539,41.47969
60067,53114626,2.09539,41.47969,53114559,2.09539,41.47969
60081,53114626,2.09539,41.47969,53114545,2.09539,41.47969
60094,53114626,2.09539,41.47969,53114532,2.09539,41.47969
60106,53114626,2.09539,41.47969,53114520,2.09539,41.47969
60117,53114626,2.09539,41.47969,53114509,2.09539,41.47969
60132,53114626,2.09539,41.47969,53114494,2.09539,41.47969
60146,53114626,2.09539,41.47969,53114480,2.09539,41.47969
60164,53114626,2.09539,41.47969,53114462,2.09539,41.47969
60184,53114626,2.09539,41.47969,53114442,2.09539,41.47969
60225,53114626,2.09539,41.47969,53114401,2.09539,41.47969
60312,53114626,2.09539,41.47969,53114313,2.09539,41.47969
60371,53114626,2.09539,41.47969,53114254,2.09539,41.47969
60440,53114626,2.09539,41.47969,53114185,2.09539,41.47969
60506,53114626,2.09539,41.47969,53114119,2.09539,41.47969
60567,53114626,2.09539,41.47969,53114058,2.09539,41.47969
60626,53114626,2.09539,41.47969,53113999,2.09539,41.47969
60672,53114626,2.09539,41.47969,53113952,2.09539,41.47969
60694,53114626,2.09539,41.47969,53113930,2.09539,41.47969
60721,53114626,2.09539,41.47969,53113902,2.09539,41.47969
60743,53114626,2.09539,41.47969,53113879,2.09539,41.47969
60771,53114626,2.09539,41.47969,53113851,2.09539,41.47969
60798,53114626,2.09539,41.47969,53113823,2.09539,41.47969
60825,53114626,2.09539,41.47969,53113796,2.09539,41.47969
60863,53114626,2.09539,41.47969,53113757,2.09539,41.47969
60901,53114626,2.09539,41.47969,53113719,2.09539,41.47969
60958,53114626,2.09539,41.47969,53113662,2.09539,41.47969
60996,53114626,2.09539,41.47969,53113624,2.09539,41.47969
61039,53114626,2.09539,41.47969,53113580,2.09539,41.47969
61070,53114626,2.09539,41.47969,53113549,2.09539,41.47969
61102,53114626,2.09539,41.47969,53113516,2.09539,41.47969
61165,53114626,2.09539,41.47969,53113453,2.09539,41.47969
61298,53114626,2.09539,41.47969,53113320,2.09539,41.47969
61396,53114626,2.09539,41.47969,53113222,2.09539,41.47969
61498,53114626,2.09539,41.47969,53113118,2.09539,41.47969
61607,53114626,2.09539,41.47969,53113009,2.09539,41.47969
61648,53114626,2.09539,41.47969,53112968,2.09539,41.47969
61681,53114626,2.09539,41.47969,53112934,2.09539,41.47969
80013,53114625,2.09488,41.47934,53114612,2.09488,41.47934
80026,53114625,2.09488,41.47934,53114599,2.09488,41.47934
80038,53114625,2.09488,41.47934,53114587,2.09488,41.47934
80054,53114625,2.09488,41.47934,53114571,2.09488,41.47934
80067,53114625,2.09488,41.47934,53114558,2.09488,41.47934
80081,53114625,2.09488,41.47934,53114544,2.09488,41.47934
80094,53114625,2.09488,41.47934,53114531,2.09488,41.47934
80106,53114625,2.09488,41.47934,53114519,2.09488,41.47934
80119,53114625,2.09488,41.47934,53114506,2.09488,41.47934
80133,53114625,2.09488,41.47934,53114492,2.09488,41.47934
80150,53114625,2.09488,41.47934,53114475,2.09488,41.47934
80166,53114625,2.09488,41.47934,53114459,2.09488,41.47934
80186,53114625,2.09488,41.47934,53114439,2.09488,41.47934
80236,53114625,2.09488,41.47934,53114389,2.09488,41.47934
80323,53114625,2.09488,41.47934,53114301,2.09488,41.47934
80374,53114625,2.09488,41.47934,53114250,2.09488,41.47934
80453,53114625,2.09488,41.47934,53114171,2.09488,41.47934
80519,53114625,2.09488,41.47934,53114105,2.09488,41.47934
80573,53114625,2.09488,41.47934,53114051,2.09488,41.47934
80638,53114625,2.09488,41.47934,53113986,2.09488,41.47934
80675,53114625,2.09488,41.47934,53113948,2.09488,41.47934
80698,53114625,2.09488,41.47934,53113925,2.09488,41.47934
80725,53114625,2.09488,41.47934,53113897,2.09488,41.47934
80746,53114625,2.09488,41.47934,53113875,2.09488,41.47934
80772,53114625,2.09488,41.47934,53113849,2.09488,41.47934
80804,53114625,2.09488,41.47934,53113816,2.09488,41.47934
80829,53114625,2.09488,41.47934,53113791,2.09488,41.47934
80853,53114625,2.09488,41.47934,53113767,2.09488,41.47934
100013,53114624,2.09514,41.47939,53114611,2.09514,41.47939
100026,53114624,2.09514,41.47939,53114598,2.09514,41.47939
100040,53114624,2.09514,41.47939,53114584,2.09514,41.47939
100056,53114624,2.09514,41.47939,53114568,2.09514,41.47939
100070,53114624,2.09514,41.47939,53114554,2.09514,41.47939
100084,53114624,2.09514,41.47939,53114540,2.09514,41.47939
100095,53114624,2.09514,41.47939,53114529,2.09514,41.47939
100109,53114624,2.09514,41.47939,53114515,2.09514,41.47939
100119,53114624,2.09514,41.47939,53114505,2.09514,41.47939
100133,53114624,2.09514,41.47939,53114491,2.09514,41.47939
100150,53114624,2.09514,41.47939,53114474,2.09514,41.47939
100164,53114624,2.09514,41.47939,53114460,2.09514,41.47939
100186,53114624,2.09514,41.47939,53114438,2.09514,41.47939
100236,53114624,2.09514,41.47939,53114388,2.09514,41.47939
100327,53114624,2.09514,41.47939,53114296,2.09514,41.47939
100384,53114624,2.09514,41.47939,53114239,2.09514,41.47939
100454,53114624,2.09514,41.47939,53114169,2.09514,41.47939
100530,53114624,2.09514,41.47939,53114093,2.09514,41.47939
100586,53114624,2.09514,41.47939,53114037,2.09514,41.47939
100651,53114624,2.09514,41.47939,53113971,2.09514,41.47939
100677,53114624,2.09514,41.47939,53113945,2.09514,41.47939
100700,53114624,2.09514,41.47939,53113922,2.09514,41.47939
100726,53114624,2.09514,41.47939,53113895,2.09514,41.47939
120013,53114623,2.09513,41.47945,53114610,2.09513,41.47945
120026,53114623,2.09513,41.47945,53114597,2.09513,41.47945
120040,53114623,2.09513,41.47945,53114583,2.09513,41.47945
120056,53114623,2.09513,41.47945,53114567,2.09513,41.47945
120070,53114623,2.09513,41.47945,53114553,2.09513,41.47945
120084,53114623,2.09513,41.47945,53114539,2.09513,41.47945
120096,53114623,2.09513,41.47945,53114527,2.09513,41.47945
120109,53114623,2.09513,41.47945,53114514,2.09513,41.47945
120120,53114623,2.09513,41.47945,53114503,2.09513,41.47945
120136,53114623,2.09513,41.47945,53114487,2.09513,41.47945
120151,53114623,2.09513,41.47945,53114472,2.09513,41.47945
120167,53114623,2.09513,41.47945,53114456,2.09513,41.47945
120187,53114623,2.09513,41.47945,53114436,2.09513,41.47945
120247,53114623,2.09513,41.47945,53114376,2.09513,41.47945
120337,53114623,2.09513,41.47945,53114285,2.09513,41.47945
120397,53114623,2.09513,41.47945,53114225,2.09513,41.47945
120465,53114623,2.09513,41.47945,53114157,2.09513,41.47945
120531,53114623,2.09513,41.47945,53114091,2.09513,41.47945
120588,53114623,2.09513,41.47945,53114034,2.09513,41.47945
120651,53114623,2.09513,41.47945,53113970,2.09513,41.47945
120677,53114623,2.09513,41.47945,53113944,2.09513,41.47945
120700,53114623,2.09513,41.47945,53113921,2.09513,41.47945
120726,53114623,2.09513,41.47945,53113894,2.09513,41.47945
120747,53114623,2.09513,41.47945,53113872,2.09513,41.47945
120775,53114623,2.09513,41.47945,53113844,2.09513,41.47945
120806,53114623,2.09513,41.47945,53113812,2.09513,41.47945
120830,53114623,2.09513,41.47945,53113788,2.09513,41.47945
120872,53114623,2.09513,41.47945,53113745,2.09513,41.47945
120914,53114623,2.09513,41.47945,53113703,2.09513,41.47945
120971,53114623,2.09513,41.47945,53113646,2.09513,41.47945
121012,53114623,2.09513,41.47945,53113604,2.09513,41.47945
121047,53114623,2.09513,41.47945,53113569,2.09513,41.47945
160086,53114621,2.095074,41.47966,53114535,2.095073,41.47966
260012,53114616,2.07711,41.46928,53114604,2.07711,41.46928
260026,53114616,2.07711,41.46928,53114590,2.07711,41.46928
260042,53114616,2.07711,41.46928,53114574,2.07711,41.46928
260056,53114616,2.07711,41.46928,53114560,2.07711,41.46928
260070,53114616,2.07711,41.46928,53114546,2.07711,41.46928
260083,53114616,2.07711,41.46928,53114533,2.07711,41.46928
260094,53114616,2.07711,41.46928,53114522,2.07711,41.46928
260105,53114616,2.07711,41.46928,53114511,2.07711,41.46928
299988,53114614,2.09539,41.47969,53114626,2.09539,41.47969
300013,53114614,2.09539,41.47969,53114601,2.09539,41.47969
300026,53114614,2.09539,41.47969,53114588,2.09539,41.47969
300042,53114614,2.09539,41.47969,53114572,2.09539,41.47969
300055,53114614,2.09539,41.47969,53114559,2.09539,41.47969
300069,53114614,2.09539,41.47969,53114545,2.09539,41.47969
300082,53114614,2.09539,41.47969,53114532,2.09539,41.47969
300094,53114614,2.09539,41.47969,53114520,2.09539,41.47969
300105,53114614,2.09539,41.47969,53114509,2.09539,41.47969
300120,53114614,2.09539,41.47969,53114494,2.09539,41.47969
300134,53114614,2.09539,41.47969,53114480,2.09539,41.47969
300152,53114614,2.09539,41.47969,53114462,2.09539,41.47969
300172,53114614,2.09539,41.47969,53114442,2.09539,41.47969
300213,53114614,2.09539,41.47969,53114401,2.09539,41.47969
300300,53114614,2.09539,41.47969,53114313,2.09539,41.47969
300359,53114614,2.09539,41.47969,53114254,2.09539,41.47969
300428,53114614,2.09539,41.47969,53114185,2.09539,41.47969
300494,53114614,2.09539,41.47969,53114119,2.09539,41.47969
300555,53114614,2.09539,41.47969,53114058,2.09539,41.47969
300614,53114614,2.09539,41.47969,53113999,2.09539,41.47969
300660,53114614,2.09539,41.47969,53113952,2.09539,41.47969
300682,53114614,2.09539,41.47969,53113930,2.09539,41.47969
300709,53114614,2.09539,41.47969,53113902,2.09539,41.47969
300731,53114614,2.09539,41.47969,53113879,2.09539,41.47969
300759,53114614,2.09539,41.47969,53113851,2.09539,41.47969
300786,53114614,2.09539,41.47969,53113823,2.09539,41.47969
300813,53114614,2.09539,41.47969,53113796,2.09539,41.47969
300851,53114614,2.09539,41.47969,53113757,2.09539,41.47969
300889,53114614,2.09539,41.47969,53113719,2.09539,41.47969
300946,53114614,2.09539,41.47969,53113662,2.09539,41.47969
300984,53114614,2.09539,41.47969,53113624,2.09539,41.47969
301027,53114614,2.09539,41.47969,53113580,2.09539,41.47969
301058,53114614,2.09539,41.47969,53113549,2.09539,41.47969
301090,53114614,2.09539,41.47969,53113516,2.09539,41.47969
301153,53114614,2.09539,41.47969,53113453,2.09539,41.47969
301286,53114614,2.09539,41.47969,53113320,2.09539,41.47969
301384,53114614,2.09539,41.47969,53113222,2.09539,41.47969
301486,53114614,2.09539,41.47969,53113118,2.09539,41.47969
301595,53114614,2.09539,41.47969,53113009,2.09539,41.47969
301636,53114614,2.09539,41.47969,53112968,2.09539,41.47969
301669,53114614,2.09539,41.47969,53112934,2.09539,41.47969
319985,53114613,2.09492,41.47936,53114628,2.09492,41.47936
320013,53114613,2.09492,41.47936,53114600,2.09492,41.47936
320028,53114613,2.09492,41.47936,53114585,2.09492,41.47936
320044,53114613,2.09492,41.47936,53114569,2.09492,41.47936
320056,53114613,2.09492,41.47936,53114557,2.09492,41.47936
320070,53114613,2.09492,41.47936,53114543,2.09492,41.47936
320083,53114613,2.09492,41.47936,53114530,2.09492,41.47936
320097,53114613,2.09492,41.47936,53114516,2.09492,41.47936
320105,53114613,2.09492,41.47936,53114508,2.09492,41.47936
320120,53114613,2.09492,41.47936,53114493,2.09492,41.47936
320137,53114613,2.09492,41.47936,53114476,2.09492,41.47936
320152,53114613,2.09492,41.47936,53114461,2.09492,41.47936
320173,53114613,2.09492,41.47936,53114440,2.09492,41.47936
320213,53114613,2.09492,41.47936,53114400,2.09492,41.47936
320300,53114613,2.09492,41.47936,53114312,2.09492,41.47936
320361,53114613,2.09492,41.47936,53114251,2.09492,41.47936
320439,53114613,2.09492,41.47936,53114173,2.09492,41.47936
320506,53114613,2.09492,41.47936,53114106,2.09492,41.47936
320560,53114613,2.09492,41.47936,53114052,2.09492,41.47936
320625,53114613,2.09492,41.47936,53113987,2.09492,41.47936
320662,53114613,2.09492,41.47936,53113949,2.09492,41.47936
320682,53114613,2.09492,41.47936,53113929,2.09492,41.47936
320712,53114613,2.09492,41.47936,53113898,2.09492,41.47936
320732,53114613,2.09492,41.47936,53113877,2.09492,41.47936
320759,53114613,2.09492,41.47936,53113850,2.09492,41.47936
320788,53114613,2.09492,41.47936,53113820,2.09492,41.47936
320814,53114613,2.09492,41.47936,53113794,2.09492,41.47936
320854,53114613,2.09492,41.47936,53113753,2.09492,41.47936
320890,53114613,2.09492,41.47936,53113717,2.09492,41.47936
339987,53114612,2.09488,41.47934,53114625,2.09488,41.47934
340013,53114612,2.09488,41.47934,53114599,2.09488,41.47934
340025,53114612,2.09488,41.47934,53114587,2.09488,41.47934
340041,53114612,2.09488,41.47934,53114571,2.09488,41.47934
340054,53114612,2.09488,41.47934,53114558,2.09488,41.47934
340068,53114612,2.09488,41.47934,53114544,2.09488,41.47934
340081,53114612,2.09488,41.47934,53114531,2.09488,41.47934
340093,53114612,2.09488,41.47934,53114519,2.09488,41.47934
340106,53114612,2.09488,41.47934,53114506,2.09488,41.47934
340120,53114612,2.09488,41.47934,53114492,2.09488,41.47934
340137,53114612,2.09488,41.47934,53114475,2.09488,41.47934
340153,53114612,2.09488,41.47934,53114459,2.09488,41.47934
340173,53114612,2.09488,41.47934,53114439,2.09488,41.47934
340223,53114612,2.09488,41.47934,53114389,2.09488,41.47934
340310,53114612,2.09488,41.47934,53114301,2.09488,41.47934
340361,53114612,2.09488,41.47934,53114250,2.09488,41.47934
340440,53114612,2.09488,41.47934,53114171,2.09488,41.47934
340506,53114612,2.09488,41.47934,53114105,2.09488,41.47934
340560,53114612,2.09488,41.47934,53114051,2.09488,41.47934
340625,53114612,2.09488,41.47934,53113986,2.09488,41.47934
340662,53114612,2.09488,41.47934,53113948,2.09488,41.47934
340685,53114612,2.09488,41.47934,53113925,2.09488,41.47934
340712,53114612,2.09488,41.47934,53113897,2.09488,41.47934
340733,53114612,2.09488,41.47934,53113875,2.09488,41.47934
340759,53114612,2.09488,41.47934,53113849,2.09488,41.47934
340791,53114612,2.09488,41.47934,53113816,2.09488,41.47934
340816,53114612,2.09488,41.47934,53113791,2.09488,41.47934
340840,53114612,2.09488,41.47934,53113767,2.09488,41.47934
359987,53114611,2.09514,41.47939,53114624,2.09514,41.47939
360013,53114611,2.09514,41.47939,53114598,2.09514,41.47939
360027,53114611,2.09514,41.47939,53114584,2.09514,41.47939
360043,53114611,2.09514,41.47939,53114568,2.09514,41.47939
360057,53114611,2.09514,41.47939,53114554,2.09514,41.47939
360071,53114611,2.09514,41.47939,53114540,2.09514,41.47939
360082,53114611,2.09514,41.47939,53114529,2.09514,41.47939
360096,53114611,2.09514,41.47939,53114515,2.09514,41.47939
360106,53114611,2.09514,41.47939,53114505,2.09514,41.47939
360120,53114611,2.09514,41.47939,53114491,2.09514,41.47939
360137,53114611,2.09514,41.47939,53114474,2.09514,41.47939
360151,53114611,2.09514,41.47939,53114460,2.09514,41.47939
360173,53114611,2.09514,41.47939,53114438,2.09514,41.47939
360223,53114611,2.09514,41.47939,53114388,2.09514,41.47939
360314,53114611,2.09514,41.47939,53114296,2.09514,41.47939
360371,53114611,2.09514,41.47939,53114239,2.09514,41.47939
360441,53114611,2.09514,41.47939,53114169,2.09514,41.47939
360517,53114611,2.09514,41.47939,53114093,2.09514,41.47939
360573,53114611,2.09514,41.47939,53114037,2.09514,41.47939
360638,53114611,2.09514,41.47939,53113971,2.09514,41.47939
360664,53114611,2.09514,41.47939,53113945,2.09514,41.47939
360687,53114611,2.09514,41.47939,53113922,2.09514,41.47939
360713,53114611,2.09514,41.47939,53113895,2.09514,41.47939
379987,53114610,2.09513,41.47945,53114623,2.09513,41.47945
380013,53114610,2.09513,41.47945,53114597,2.09513,41.47945
380027,53114610,2.09513,41.47945,53114583,2.09513,41.47945
380043,53114610,2.09513,41.47945,53114567,2.09513,41.47945
380057,53114610,2.09513,41.47945,53114553,2.09513,41.47945
380071,53114610,2.09513,41.47945,53114539,2.09513,41.47945
380083,53114610,2.09513,41.47945,53114527,2.09513,41.47945
380096,53114610,2.09513,41.47945,53114514,2.09513,41.47945
380107,53114610,2.09513,41.47945,53114503,2.09513,41.47945
380123,53114610,2.09513,41.47945,53114487,2.09513,41.47945
380138,53114610,2.09513,41.47945,53114472,2.09513,41.47945
380154,53114610,2.09513,41.47945,53114456,2.09513,41.47945
380174,53114610,2.09513,41.47945,53114436,2.09513,41.47945
380234,53114610,2.09513,41.47945,53114376,2.09513,41.47945
380324,53114610,2.09513,41.47945,53114285,2.09513,41.47945
380384,53114610,2.09513,41.47945,53114225,2.09513,41.47945
380452,53114610,2.09513,41.47945,53114157,2.09513,41.47945
380518,53114610,2.09513,41.47945,53114091,2.09513,41.47945
380575,53114610,2.09513,41.47945,53114034,2.09513,41.47945
380638,53114610,2.09513,41.47945,53113970,2.09513,41.47945
380664,53114610,2.09513,41.47945,53113944,2.09513,41.47945
380687,53114610,2.09513,41.47945,53113921,2.09513,41.47945
380713,53114610,2.09513,41.47945,53113894,2.09513,41.47945
380734,53114610,2.09513,41.47945,53113872,2.09513,41.47945
380762,53114610,2.09513,41.47945,53113844,2.09513,41.47945
380793,53114610,2.09513,41.47945,53113812,2.09513,41.47945
380817,53114610,2.09513,41.47945,53113788,2.09513,41.47945
380859,53114610,2.09513,41.47945,53113745,2.09513,41.47945
380901,53114610,2.09513,41.47945,53113703,2.09513,41.47945
380958,53114610,2.09513,41.47945,53113646,2.09513,41.47945
380999,53114610,2.09513,41.47945,53113604,2.09513,41.47945
381034,53114610,2.09513,41.47945,53113569,2.09513,41.47945
499988,53114604,2.07711,41.46928,53114616,2.07711,41.46928
500014,53114604,2.07711,41.46928,53114590,2.07711,41.46928
500030,53114604,2.07711,41.46928,53114574,2.07711,41.46928
500044,53114604,2.07711,41.46928,53114560,2.07711,41.46928
500058,53114604,2.07711,41.46928,53114546,2.07711,41.46928
500071,53114604,2.07711,41.46928,53114533,2.07711,41.46928
500082,53114604,2.07711,41.46928,53114522,2.07711,41.46928
500093,53114604,2.07711,41.46928,53114511,2.07711,41.46928
540013,53114602,-1.64183,41.35116,53114589,-1.64183,41.35116
540022,53114602,-1.64183,41.35116,53114580,-1.64183,41.35116
540023,53114602,-1.64183,41.35116,53114579,-1.64183,41.35116
540026,53114602,-1.64183,41.35116,53114576,-1.64183,41.35116
540616,53114602,-1.64183,41.35116,53113984,-1.64183,41.35116
550021,53114602,-1.64183,41.35116,53104473,-1.64183,41.35116
551584,53114602,-1.64183,41.35116,53102900,-1.64183,41.35116
551591,53114602,-1.64183,41.35116,53102893,-1.64183,41.35116
559975,53114601,2.09539,41.47969,53114626,2.09539,41.47969
559987,53114601,2.09539,41.47969,53114614,2.09539,41.47969
560013,53114601,2.09539,41.47969,53114588,2.09539,41.47969
560029,53114601,2.09539,41.47969,53114572,2.09539,41.47969
560042,53114601,2.09539,41.47969,53114559,2.09539,41.47969
560056,53114601,2.09539,41.47969,53114545,2.09539,41.47969
560069,53114601,2.09539,41.47969,53114532,2.09539,41.47969
560081,53114601,2.09539,41.47969,53114520,2.09539,41.47969
560092,53114601,2.09539,41.47969,53114509,2.09539,41.47969
560107,53114601,2.09539,41.47969,53114494,2.09539,41.47969
560121,53114601,2.09539,41.47969,53114480,2.09539,41.47969
560139,53114601,2.09539,41.47969,53114462,2.09539,41.47969
560159,53114601,2.09539,41.47969,53114442,2.09539,41.47969
560200,53114601,2.09539,41.47969,53114401,2.09539,41.47969
560287,53114601,2.09539,41.47969,53114313,2.09539,41.47969
560346,53114601,2.09539,41.47969,53114254,2.09539,41.47969
560415,53114601,2.09539,41.47969,53114185,2.09539,41.47969
560481,53114601,2.09539,41.47969,53114119,2.09539,41.47969
560542,53114601,2.09539,41.47969,53114058,2.09539,41.47969
560601,53114601,2.09539,41.47969,53113999,2.09539,41.47969
560647,53114601,2.09539,41.47969,53113952,2.09539,41.47969
560669,53114601,2.09539,41.47969,53113930,2.09539,41.47969
560696,53114601,2.09539,41.47969,53113902,2.09539,41.47969
560718,53114601,2.09539,41.47969,53113879,2.09539,41.47969
560746,53114601,2.09539,41.47969,53113851,2.09539,41.47969
560773,53114601,2.09539,41.47969,53113823,2.09539,41.47969
560800,53114601,2.09539,41.47969,53113796,2.09539,41.47969
560838,53114601,2.09539,41.47969,53113757,2.09539,41.47969
560876,53114601,2.09539,41.47969,53113719,2.09539,41.47969
560933,53114601,2.09539,41.47969,53113662,2.09539,41.47969
560971,53114601,2.09539,41.47969,53113624,2.09539,41.47969
561014,53114601,2.09539,41.47969,53113580,2.09539,41.47969
561045,53114601,2.09539,41.47969,53113549,2.09539,41.47969
561077,53114601,2.09539,41.47969,53113516,2.09539,41.47969
561140,53114601,2.09539,41.47969,53113453,2.09539,41.47969
561273,53114601,2.09539,41.47969,53113320,2.09539,41.47969
561371,53114601,2.09539,41.47969,53113222,2.09539,41.47969
561473,53114601,2.09539,41.47969,53113118,2.09539,41.47969
561582,53114601,2.09539,41.47969,53113009,2.09539,41.47969
561623,53114601,2.09539,41.47969,53112968,2.09539,41.47969
561656,53114601,2.09539,41.47969,53112934,2.09539,41.47969
579972,53114600,2.09492,41.47936,53114628,2.09492,41.47936
579987,53114600,2.09492,41.47936,53114613,2.09492,41.47936
580015,53114600,2.09492,41.47936,53114585,2.09492,41.47936
580031,53114600,2.09492,41.47936,53114569,2.09492,41.47936
580043,53114600,2.09492,41.47936,53114557,2.09492,41.47936
580057,53114600,2.09492,41.47936,53114543,2.09492,41.47936
580070,53114600,2.09492,41.47936,53114530,2.09492,41.47936
580084,53114600,2.09492,41.47936,53114516,2.09492,41.47936
580092,53114600,2.09492,41.47936,53114508,2.09492,41.47936
580107,53114600,2.09492,41.47936,53114493,2.09492,41.47936
580124,53114600,2.09492,41.47936,53114476,2.09492,41.47936
580139,53114600,2.09492,41.47936,53114461,2.09492,41.47936
580160,53114600,2.09492,41.47936,53114440,2.09492,41.47936
580200,53114600,2.09492,41.47936,53114400,2.09492,41.47936
580287,53114600,2.09492,41.47936,53114312,2.09492,41.47936
580348,53114600,2.09492,41.47936,53114251,2.09492,41.47936
580426,53114600,2.09492,41.47936,53114173,2.09492,41.47936
580493,53114600,2.09492,41.47936,53114106,2.09492,41.47936
580547,53114600,2.09492,41.47936,53114052,2.09492,41.47936
580612,53114600,2.09492,41.47936,53113987,2.09492,41.47936
580649,53114600,2.09492,41.47936,53113949,2.09492,41.47936
580669,53114600,2.09492,41.47936,53113929,2.09492,41.47936
580699,53114600,2.09492,41.47936,53113898,2.09492,41.47936
580719,53114600,2.09492,41.47936,53113877,2.09492,41.47936
580746,53114600,2.09492,41.47936,53113850,2.09492,41.47936
580775,53114600,2.09492,41.47936,53113820,2.09492,41.47936
580801,53114600,2.09492,41.47936,53113794,2.09492,41.47936
580841,53114600,2.09492,41.47936,53113753,2.09492,41.47936
580877,53114600,2.09492,41.47936,53113717,2.09492,41.47936
599974,53114599,2.09488,41.47934,53114625,2.09488,41.47934
599987,53114599,2.09488,41.47934,53114612,2.09488,41.47934
600012,53114599,2.09488,41.47934,53114587,2.09488,41.47934
600028,53114599,2.09488,41.47934,53114571,2.09488,41.47934
600041,53114599,2.09488,41.47934,53114558,2.09488,41.47934
600055,53114599,2.09488,41.47934,53114544,2.09488,41.47934
600068,53114599,2.09488,41.47934,53114531,2.09488,41.47934
600080,53114599,2.09488,41.47934,53114519,2.09488,41.47934
600093,53114599,2.09488,41.47934,53114506,2.09488,41.47934
600107,53114599,2.09488,41.47934,53114492,2.09488,41.47934
600124,53114599,2.09488,41.47934,53114475,2.09488,41.47934
600140,53114599,2.09488,41.47934,53114459,2.09488,41.47934
600160,53114599,2.09488,41.47934,53114439,2.09488,41.47934
600210,53114599,2.09488,41.47934,53114389,2.09488,41.47934
600297,53114599,2.09488,41.47934,53114301,2.09488,41.47934
600348,53114599,2.09488,41.47934,53114250,2.09488,41.47934
600427,53114599,2.09488,41.47934,53114171,2.09488,41.47934
600493,53114599,2.09488,41.47934,53114105,2.09488,41.47934
600547,53114599,2.09488,41.47934,53114051,2.09488,41.47934
600612,53114599,2.09488,41.47934,53113986,2.09488,41.47934
600649,53114599,2.09488,41.47934,53113948,2.09488,41.47934
600672,53114599,2.09488,41.47934,53113925,2.09488,41.47934
600699,53114599,2.09488,41.47934,53113897,2.09488,41.47934
600720,53114599,2.09488,41.47934,53113875,2.09488,41.47934
600746,53114599,2.09488,41.47934,53113849,2.09488,41.47934
600778,53114599,2.09488,41.47934,53113816,2.09488,41.47934
600803,53114599,2.09488,41.47934,53113791,2.09488,41.47934
600827,53114599,2.09488,41.47934,53113767,2.09488,41.47934
619974,53114598,2.09514,41.47939,53114624,2.09514,41.47939
619987,53114598,2.09514,41.47939,53114611,2.09514,41.47939
620014,53114598,2.09514,41.47939,53114584,2.09514,41.47939
620030,53114598,2.09514,41.47939,53114568,2.09514,41.47939
620044,53114598,2.09514,41.47939,53114554,2.09514,41.47939
620058,53114598,2.09514,41.47939,53114540,2.09514,41.47939
620069,53114598,2.09514,41.47939,53114529,2.09514,41.47939
620083,53114598,2.09514,41.47939,53114515,2.09514,41.47939
620093,53114598,2.09514,41.47939,53114505,2.09514,41.47939
620107,53114598,2.09514,41.47939,53114491,2.09514,41.47939
620124,53114598,2.09514,41.47939,53114474,2.09514,41.47939
620138,53114598,2.09514,41.47939,53114460,2.09514,41.47939
620160,53114598,2.09514,41.47939,53114438,2.09514,41.47939
620210,53114598,2.09514,41.47939,53114388,2.09514,41.47939
620301,53114598,2.09514,41.47939,53114296,2.09514,41.47939
620358,53114598,2.09514,41.47939,53114239,2.09514,41.47939
620428,53114598,2.09514,41.47939,53114169,2.09514,41.47939
620504,53114598,2.09514,41.47939,53114093,2.09514,41.47939
620560,53114598,2.09514,41.47939,53114037,2.09514,41.47939
620625,53114598,2.09514,41.47939,53113971,2.09514,41.47939
620651,53114598,2.09514,41.47939,53113945,2.09514,41.47939
620674,53114598,2.09514,41.47939,53113922,2.09514,41.47939
620700,53114598,2.09514,41.47939,53113895,2.09514,41.47939
639974,53114597,2.09513,41.47945,53114623,2.09513,41.47945
639987,53114597,2.09513,41.47945,53114610,2.09513,41.47945
640014,53114597,2.09513,41.47945,53114583,2.09513,41.47945
640030,53114597,2.09513,41.47945,53114567,2.09513,41.47945
640044,53114597,2.09513,41.47945,53114553,2.09513,41.47945
640058,53114597,2.09513,41.47945,53114539,2.09513,41.47945
640070,53114597,2.09513,41.47945,53114527,2.09513,41.47945
640083,53114597,2.09513,41.47945,53114514,2.09513,41.47945
640094,53114597,2.09513,41.47945,53114503,2.09513,41.47945
640110,53114597,2.09513,41.47945,53114487,2.09513,41.47945
640125,53114597,2.09513,41.47945,53114472,2.09513,41.47945
640141,53114597,2.09513,41.47945,53114456,2.09513,41.47945
640161,53114597,2.09513,41.47945,53114436,2.09513,41.47945
640221,53114597,2.09513,41.47945,53114376,2.09513,41.47945
640311,53114597,2.09513,41.47945,53114285,2.09513,41.47945
640371,53114597,2.09513,41.47945,53114225,2.09513,41.47945
640439,53114597,2.09513,41.47945,53114157,2.09513,41.47945
640505,53114597,2.09513,41.47945,53114091,2.09513,41.47945
640562,53114597,2.09513,41.47945,53114034,2.09513,41.47945
640625,53114597,2.09513,41.47945,53113970,2.09513,41.47945
640651,53114597,2.09513,41.47945,53113944,2.09513,41.47945
640674,53114597,2.09513,41.47945,53113921,2.09513,41.47945
640700,53114597,2.09513,41.47945,53113894,2.09513,41.47945
640721,53114597,2.09513,41.47945,53113872,2.09513,41.47945
640749,53114597,2.09513,41.47945,53113844,2.09513,41.47945
640780,53114597,2.09513,41.47945,53113812,2.09513,41.47945
640804,53114597,2.09513,41.47945,53113788,2.09513,41.47945
640846,53114597,2.09513,41.47945,53113745,2.09513,41.47945
640888,53114597,2.09513,41.47945,53113703,2.09513,41.47945
640945,53114597,2.09513,41.47945,53113646,2.09513,41.47945
640986,53114597,2.09513,41.47945,53113604,2.09513,41.47945
641021,53114597,2.09513,41.47945,53113569,2.09513,41.47945
680001,53114595,2.095454,41.47963,53114594,2.095455,41.47963
699999,53114594,2.095455,41.47963,53114595,2.095454,41.47963
779974,53114590,2.07711,41.46928,53114616,2.07711,41.46928
779986,53114590,2.07711,41.46928,53114604,2.07711,41.46928
780016,53114590,2.07711,41.46928,53114574,2.07711,41.46928
780030,53114590,2.07711,41.46928,53114560,2.07711,41.46928
780044,53114590,2.07711,41.46928,53114546,2.07711,41.46928
780057,53114590,2.07711,41.46928,53114533,2.07711,41.46928
780068,53114590,2.07711,41.46928,53114522,2.07711,41.46928
780079,53114590,2.07711,41.46928,53114511,2.07711,41.46928
799987,53114589,-1.64183,41.35116,53114602,-1.64183,41.35116
800009,53114589,-1.64183,41.35116,53114580,-1.64183,41.35116
800010,53114589,-1.64183,41.35116,53114579,-1.64183,41.35116
800013,53114589,-1.64183,41.35116,53114576,-1.64183,41.35116
800603,53114589,-1.64183,41.35116,53113984,-1.64183,41.35116
810008,53114589,-1.64183,41.35116,53104473,-1.64183,41.35116
811571,53114589,-1.64183,41.35116,53102900,-1.64183,41.35116
811578,53114589,-1.64183,41.35116,53102893,-1.64183,41.35116
819962,53114588,2.09539,41.47969,53114626,2.09539,41.47969
819974,53114588,2.09539,41.47969,53114614,2.09539,41.47969
819987,53114588,2.09539,41.47969,53114601,2.09539,41.47969
820016,53114588,2.09539,41.47969,53114572,2.09539,41.47969
820029,53114588,2.09539,41.47969,53114559,2.09539,41.47969
820043,53114588,2.09539,41.47969,53114545,2.09539,41.47969
820056,53114588,2.09539,41.47969,53114532,2.09539,41.47969
820068,53114588,2.09539,41.47969,53114520,2.09539,41.47969
820079,53114588,2.09539,41.47969,53114509,2.09539,41.47969
820094,53114588,2.09539,41.47969,53114494,2.09539,41.47969
820108,53114588,2.09539,41.47969,53114480,2.09539,41.47969
820126,53114588,2.09539,41.47969,53114462,2.09539,41.47969
820146,53114588,2.09539,41.47969,53114442,2.09539,41.47969
820187,53114588,2.09539,41.47969,53114401,2.09539,41.47969
820274,53114588,2.09539,41.47969,53114313,2.09539,41.47969
820333,53114588,2.09539,41.47969,53114254,2.09539,41.47969
820402,53114588,2.09539,41.47969,53114185,2.09539,41.47969
820468,53114588,2.09539,41.47969,53114119,2.09539,41.47969
820529,53114588,2.09539,41.47969,53114058,2.09539,41.47969
820588,53114588,2.09539,41.47969,53113999,2.09539,41.47969
820634,53114588,2.09539,41.47969,53113952,2.09539,41.47969
820656,53114588,2.09539,41.47969,53113930,2.09539,41.47969
820683,53114588,2.09539,41.47969,53113902,2.09539,41.47969
820705,53114588,2.09539,41.47969,53113879,2.09539,41.47969
820733,53114588,2.09539,41.47969,53113851,2.09539,41.47969
820760,53114588,2.09539,41.47969,53113823,2.09539,41.47969
820787,53114588,2.09539,41.47969,53113796,2.09539,41.47969
820825,53114588,2.09539,41.47969,53113757,2.09539,41.47969
820863,53114588,2.09539,41.47969,53113719,2.09539,41.47969
820920,53114588,2.09539,41.47969,53113662,2.09539,41.47969
820958,53114588,2.09539,41.47969,53113624,2.09539,41.47969
821001,53114588,2.09539,41.47969,53113580,2.09539,41.47969
821032,53114588,2.09539,41.47969,53113549,2.09539,41.47969
821064,53114588,2.09539,41.47969,53113516,2.09539,41.47969
821127,53114588,2.09539,41.47969,53113453,2.09539,41.47969
821260,53114588,2.09539,41.47969,53113320,2.09539,41.47969
821358,53114588,2.09539,41.47969,53113222,2.09539,41.47969
821460,53114588,2.09539,41.47969,53113118,2.09539,41.47969
821569,53114588,2.09539,41.47969,53113009,2.09539,41.47969
821610,53114588,2.09539,41.47969,53112968,2.09539,41.47969
821643,53114588,2.09539,41.47969,53112934,2.09539,41.47969
839962,53114587,2.09488,41.47934,53114625,2.09488,41.47934
839975,53114587,2.09488,41.47934,53114612,2.09488,41.47934
839988,53114587,2.09488,41.47934,53114599,2.09488,41.47934
840016,53114587,2.09488,41.47934,53114571,2.09488,41.47934
840029,53114587,2.09488,41.47934,53114558,2.09488,41.47934
840043,53114587,2.09488,41.47934,53114544,2.09488,41.47934
840056,53114587,2.09488,41.47934,53114531,2.09488,41.47934
840068,53114587,2.09488,41.47934,53114519,2.09488,41.47934
840081,53114587,2.09488,41.47934,53114506,2.09488,41.47934
840095,53114587,2.09488,41.47934,53114492,2.09488,41.47934
840112,53114587,2.09488,41.47934,53114475,2.09488,41.47934
840128,53114587,2.09488,41.47934,53114459,2.09488,41.47934
840148,53114587,2.09488,41.47934,53114439,2.09488,41.47934
840198,53114587,2.09488,41.47934,53114389,2.09488,41.47934
840285,53114587,2.09488,41.47934,53114301,2.09488,41.47934
840336,53114587,2.09488,41.47934,53114250,2.09488,41.47934
840415,53114587,2.09488,41.47934,53114171,2.09488,41.47934
840481,53114587,2.09488,41.47934,53114105,2.09488,41.47934
840535,53114587,2.09488,41.47934,53114051,2.09488,41.47934
840600,53114587,2.09488,41.47934,53113986,2.09488,41.47934
840637,53114587,2.09488,41.47934,53113948,2.09488,41.47934
840660,53114587,2.09488,41.47934,53113925,2.09488,41.47934
840687,53114587,2.09488,41.47934,53113897,2.09488,41.47934
840708,53114587,2.09488,41.47934,53113875,2.09488,41.47934
840734,53114587,2.09488,41.47934,53113849,2.09488,41.47934
840766,53114587,2.09488,41.47934,53113816,2.09488,41.47934
840791,53114587,2.09488,41.47934,53113791,2.09488,41.47934
840815,53114587,2.09488,41.47934,53113767,2.09488,41.47934
879957,53114585,2.09492,41.47936,53114628,2.09492,41.47936
879972,53114585,2.09492,41.47936,53114613,2.09492,41.47936
879985,53114585,2.09492,41.47936,53114600,2.09492,41.47936
880016,53114585,2.09492,41.47936,53114569,2.09492,41.47936
880028,53114585,2.09492,41.47936,53114557,2.09492,41.47936
880042,53114585,2.09492,41.47936,53114543,2.09492,41.47936
880055,53114585,2.09492,41.47936,53114530,2.09492,41.47936
880069,53114585,2.09492,41.47936,53114516,2.09492,41.47936
880077,53114585,2.09492,41.47936,53114508,2.09492,41.47936
880092,53114585,2.09492,41.47936,53114493,2.09492,41.47936
880109,53114585,2.09492,41.47936,53114476,2.09492,41.47936
880124,53114585,2.09492,41.47936,53114461,2.09492,41.47936
880145,53114585,2.09492,41.47936,53114440,2.09492,41.47936
880185,53114585,2.09492,41.47936,53114400,2.09492,41.47936
880272,53114585,2.09492,41.47936,53114312,2.09492,41.47936
880333,53114585,2.09492,41.47936,53114251,2.09492,41.47936
880411,53114585,2.09492,41.47936,53114173,2.09492,41.47936
880478,53114585,2.09492,41.47936,53114106,2.09492,41.47936
880532,53114585,2.09492,41.47936,53114052,2.09492,41.47936
880597,53114585,2.09492,41.47936,53113987,2.09492,41.47936
880634,53114585,2.09492,41.47936,53113949,2.09492,41.47936
880654,53114585,2.09492,41.47936,53113929,2.09492,41.47936
880684,53114585,2.09492,41.47936,53113898,2.09492,41.47936
880704,53114585,2.09492,41.47936,53113877,2.09492,41.47936
880731,53114585,2.09492,41.47936,53113850,2.09492,41.47936
880760,53114585,2.09492,41.47936,53113820,2.09492,41.47936
880786,53114585,2.09492,41.47936,53113794,2.09492,41.47936
880826,53114585,2.09492,41.47936,53113753,2.09492,41.47936
880862,53114585,2.09492,41.47936,53113717,2.09492,41.47936
899960,53114584,2.09514,41.47939,53114624,2.09514,41.47939
899973,53114584,2.09514,41.47939,53114611,2.09514,41.47939
899986,53114584,2.09514,41.47939,53114598,2.09514,41.47939
900016,53114584,2.09514,41.47939,53114568,2.09514,41.47939
900030,53114584,2.09514,41.47939,53114554,2.09514,41.47939
900044,53114584,2.09514,41.47939,53114540,2.09514,41.47939
900055,53114584,2.09514,41.47939,53114529,2.09514,41.47939
900069,53114584,2.09514,41.47939,53114515,2.09514,41.47939
900079,53114584,2.09514,41.47939,53114505,2.09514,41.47939
900093,53114584,2.09514,41.47939,53114491,2.09514,41.47939
900110,53114584,2.09514,41.47939,53114474,2.09514,41.47939
900124,53114584,2.09514,41.47939,53114460,2.09514,41.47939
900146,53114584,2.09514,41.47939,53114438,2.09514,41.47939
900196,53114584,2.09514,41.47939,53114388,2.09514,41.47939
900287,53114584,2.09514,41.47939,53114296,2.09514,41.47939
900344,53114584,2.09514,41.47939,53114239,2.09514,41.47939
900414,53114584,2.09514,41.47939,53114169,2.09514,41.47939
900490,53114584,2.09514,41.47939,53114093,2.09514,41.47939
900546,53114584,2.09514,41.47939,53114037,2.09514,41.47939
900611,53114584,2.09514,41.47939,53113971,2.09514,41.47939
900637,53114584,2.09514,41.47939,53113945,2.09514,41.47939
900660,53114584,2.09514,41.47939,53113922,2.09514,41.47939
900686,53114584,2.09514,41.47939,53113895,2.09514,41.47939
919960,53114583,2.09513,41.47945,53114623,2.09513,41.47945
919973,53114583,2.09513,41.47945,53114610,2.09513,41.47945
919986,53114583,2.09513,41.47945,53114597,2.09513,41.47945
920016,53114583,2.09513,41.47945,53114567,2.09513,41.47945
920030,53114583,2.09513,41.47945,53114553,2.09513,41.47945
920044,53114583,2.09513,41.47945,53114539,2.09513,41.47945
920056,53114583,2.09513,41.47945,53114527,2.09513,41.47945
920069,53114583,2.09513,41.47945,53114514,2.09513,41.47945
920080,53114583,2.09513,41.47945,53114503,2.09513,41.47945
920096,53114583,2.09513,41.47945,53114487,2.09513,41.47945
920111,53114583,2.09513,41.47945,53114472,2.09513,41.47945
920127,53114583,2.09513,41.47945,53114456,2.09513,41.47945
920147,53114583,2.09513,41.47945,53114436,2.09513,41.47945
920207,53114583,2.09513,41.47945,53114376,2.09513,41.47945
920297,53114583,2.09513,41.47945,53114285,2.09513,41.47945
920357,53114583,2.09513,41.47945,53114225,2.09513,41.47945
920425,53114583,2.09513,41.47945,53114157,2.09513,41.47945
920491,53114583,2.09513,41.47945,53114091,2.09513,41.47945
920548,53114583,2.09513,41.47945,53114034,2.09513,41.47945
920611,53114583,2.09513,41.47945,53113970,2.09513,41.47945
920637,53114583,2.09513,41.47945,53113944,2.09513,41.47945
920660,53114583,2.09513,41.47945,53113921,2.09513,41.47945
920686,53114583,2.09513,41.47945,53113894,2.09513,41.47945
920707,53114583,2.09513,41.47945,53113872,2.09513,41.47945
920735,53114583,2.09513,41.47945,53113844,2.09513,41.47945
920766,53114583,2.09513,41.47945,53113812,2.09513,41.47945
920790,53114583,2.09513,41.47945,53113788,2.09513,41.47945
920832,53114583,2.09513,41.47945,53113745,2.09513,41.47945
920874,53114583,2.09513,41.47945,53113703,2.09513,41.47945
920931,53114583,2.09513,41.47945,53113646,2.09513,41.47945
920972,53114583,2.09513,41.47945,53113604,2.09513,41.47945
921007,53114583,2.09513,41.47945,53113569,2.09513,41.47945
940785,53114582,2.09487,41.47956,53113792,2.09487,41.47956
940807,53114582,2.09487,41.47956,53113770,2.09487,41.47956
940841,53114582,2.09487,41.47956,53113735,2.09487,41.47956
940895,53114582,2.09487,41.47956,53113681,2.09487,41.47956
940943,53114582,2.09487,41.47956,53113633,2.09487,41.47956
940985,53114582,2.09487,41.47956,53113590,2.09487,41.47956
941017,53114582,2.09487,41.47956,53113558,2.09487,41.47956
941051,53114582,2.09487,41.47956,53113523,2.09487,41.47956
941091,53114582,2.09487,41.47956,53113483,2.09487,41.47956
941222,53114582,2.09487,41.47956,53113352,2.09487,41.47956
941325,53114582,2.09487,41.47956,53113249,2.09487,41.47956
941423,53114582,2.09487,41.47956,53113149,2.09487,41.47956
941542,53114582,2.09487,41.47956,53113030,2.09487,41.47956
941593,53114582,2.09487,41.47956,53112979,2.09487,41.47956
941630,53114582,2.09487,41.47956,53112941,2.09487,41.47956
941665,53114582,2.09487,41.47956,53112906,2.09487,41.47956
941697,53114582,2.09487,41.47956,53112874,2.09487,41.47956
941724,53114582,2.09487,41.47956,53112845,2.09487,41.47956
941757,53114582,2.09487,41.47956,53112812,2.09487,41.47956
941788,53114582,2.09487,41.47956,53112781,2.09487,41.47956
941812,53114582,2.09487,41.47956,53112757,2.09487,41.47956
941850,53114582,2.09487,41.47956,53112718,2.09487,41.47956
979978,53114580,-1.64183,41.35116,53114602,-1.64183,41.35116
979991,53114580,-1.64183,41.35116,53114589,-1.64183,41.35116
980001,53114580,-1.64183,41.35116,53114579,-1.64183,41.35116
980004,53114580,-1.64183,41.35116,53114576,-1.64183,41.35116
980594,53114580,-1.64183,41.35116,53113984,-1.64183,41.35116
989999,53114580,-1.64183,41.35116,53104473,-1.64183,41.35116
991562,53114580,-1.64183,41.35116,53102900,-1.64183,41.35116
991569,53114580,-1.64183,41.35116,53102893,-1.64183,41.35116
999977,53114579,-1.64183,41.35116,53114602,-1.64183,41.35116
999990,53114579,-1.64183,41.35116,53114589,-1.64183,41.35116
999999,53114579,-1.64183,41.35116,53114580,-1.64183,41.35116
1000003,53114579,-1.64183,41.35116,53114576,-1.64183,41.35116
1000593,53114579,-1.64183,41.35116,53113984,-1.64183,41.35116
1009998,53114579,-1.64183,41.35116,53104473,-1.64183,41.35116
1011561,53114579,-1.64183,41.35116,53102900,-1.64183,41.35116
1011568,53114579,-1.64183,41.35116,53102893,-1.64183,41.35116
1041643,53114577,2.095082,41.47966,53112923,2.095082,41.47966
1059974,53114576,-1.64183,41.35116,53114602,-1.64183,41.35116
1059987,53114576,-1.64183,41.35116,53114589,-1.64183,41.35116
1059996,53114576,-1.64183,41.35116,53114580,-1.64183,41.35116
1059997,53114576,-1.64183,41.35116,53114579,-1.64183,41.35116
1060590,53114576,-1.64183,41.35116,53113984,-1.64183,41.35116
1069995,53114576,-1.64183,41.35116,53104473,-1.64183,41.35116
1071558,53114576,-1.64183,41.35116,53102900,-1.64183,41.35116
1071565,53114576,-1.64183,41.35116,53102893,-1.64183,41.35116
1099958,53114574,2.07711,41.46928,53114616,2.07711,41.46928
1099970,53114574,2.07711,41.46928,53114604,2.07711,41.46928
1099984,53114574,2.07711,41.46928,53114590,2.07711,41.46928
1100014,53114574,2.07711,41.46928,53114560,2.07711,41.46928
1100028,53114574,2.07711,41.46928,53114546,2.07711,41.46928
1100041,53114574,2.07711,41.46928,53114533,2.07711,41.46928
1100052,53114574,2.07711,41.46928,53114522,2.07711,41.46928
1100063,53114574,2.07711,41.46928,53114511,2.07711,41.46928
1139946,53114572,2.09539,41.47969,53114626,2.09539,41.47969
1139958,53114572,2.09539,41.47969,53114614,2.09539,41.47969
1139971,53114572,2.09539,41.47969,53114601,2.09539,41.47969
1139984,53114572,2.09539,41.47969,53114588,2.09539,41.47969
1140013,53114572,2.09539,41.47969,53114559,2.09539,41.47969
1140027,53114572,2.09539,41.47969,53114545,2.09539,41.47969
1140040,53114572,2.09539,41.47969,53114532,2.09539,41.47969
1140052,53114572,2.09539,41.47969,53114520,2.09539,41.47969
1140063,53114572,2.09539,41.47969,53114509,2.09539,41.47969
1140078,53114572,2.09539,41.47969,53114494,2.09539,41.47969
1140092,53114572,2.09539,41.47969,53114480,2.09539,41.47969
1140110,53114572,2.09539,41.47969,53114462,2.09539,41.47969
1140130,53114572,2.09539,41.47969,53114442,2.09539,41.47969
1140171,53114572,2.09539,41.47969,53114401,2.09539,41.47969
1140258,53114572,2.09539,41.47969,53114313,2.09539,41.47969
1140317,53114572,2.09539,41.47969,53114254,2.09539,41.47969
1140386,53114572,2.09539,41.47969,53114185,2.09539,41.47969
1140452,53114572,2.09539,41.47969,53114119,2.09539,41.47969
1140513,53114572,2.09539,41.47969,53114058,2.09539,41.47969
1140572,53114572,2.09539,41.47969,53113999,2.09539,41.47969
1140618,53114572,2.09539,41.47969,53113952,2.09539,41.47969
1140640,53114572,2.09539,41.47969,53113930,2.09539,41.47969
1140667,53114572,2.09539,41.47969,53113902,2.09539,41.47969
1140689,53114572,2.09539,41.47969,53113879,2.09539,41.47969
1140717,53114572,2.09539,41.47969,53113851,2.09539,41.47969
1140744,53114572,2.09539,41.47969,53113823,2.09539,41.47969
1140771,53114572,2.09539,41.47969,53113796,2.09539,41.47969
1140809,53114572,2.09539,41.47969,53113757,2.09539,41.47969
1140847,53114572,2.09539,41.47969,53113719,2.09539,41.47969
1140904,53114572,2.09539,41.47969,53113662,2.09539,41.47969
1140942,53114572,2.09539,41.47969,53113624,2.09539,41.47969
1140985,53114572,2.09539,41.47969,53113580,2.09539,41.47969
1141016,53114572,2.09539,41.47969,53113549,2.09539,41.47969
1141048,53114572,2.09539,41.47969,53113516,2.09539,41.47969
1141111,53114572,2.09539,41.47969,53113453,2.09539,41.47969
1141244,53114572,2.09539,41.47969,53113320,2.09539,41.47969
1141342,53114572,2.09539,41.47969,53113222,2.09539,41.47969
1141444,53114572,2.09539,41.47969,53113118,2.09539,41.47969
1141553,53114572,2.09539,41.47969,53113009,2.09539,41.47969
1141594,53114572,2.09539,41.47969,53112968,2.09539,41.47969
1141627,53114572,2.09539,41.47969,53112934,2.09539,41.47969
1159946,53114571,2.09488,41.47934,53114625,2.09488,41.47934
1159959,53114571,2.09488,41.47934,53114612,2.09488,41.47934
1159972,53114571,2.09488,41.47934,53114599,2.09488,41.47934
1159984,53114571,2.09488,41.47934,53114587,2.09488,41.47934
1160013,53114571,2.09488,41.47934,53114558,2.09488,41.47934
1160027,53114571,2.09488,41.47934,53114544,2.09488,41.47934
1160040,53114571,2.09488,41.47934,53114531,2.09488,41.47934
1160052,53114571,2.09488,41.47934,53114519,2.09488,41.47934
1160065,53114571,2.09488,41.47934,53114506,2.09488,41.47934
1160079,53114571,2.09488,41.47934,53114492,2.09488,41.47934
1160096,53114571,2.09488,41.47934,53114475,2.09488,41.47934
1160112,53114571,2.09488,41.47934,53114459,2.09488,41.47934
1160132,53114571,2.09488,41.47934,53114439,2.09488,41.47934
1160182,53114571,2.09488,41.47934,53114389,2.09488,41.47934
1160269,53114571,2.09488,41.47934,53114301,2.09488,41.47934
1160320,53114571,2.09488,41.47934,53114250,2.09488,41.47934
1160399,53114571,2.09488,41.47934,53114171,2.09488,41.47934
1160465,53114571,2.09488,41.47934,53114105,2.09488,41.47934
1160519,53114571,2.09488,41.47934,53114051,2.09488,41.47934
1160584,53114571,2.09488,41.47934,53113986,2.09488,41.47934
1160621,53114571,2.09488,41.47934,53113948,2.09488,41.47934
1160644,53114571,2.09488,41.47934,53113925,2.09488,41.47934
1160671,53114571,2.09488,41.47934,53113897,2.09488,41.47934
1160692,53114571,2.09488,41.47934,53113875,2.09488,41.47934
1160718,53114571,2.09488,41.47934,53113849,2.09488,41.47934
1160750,53114571,2.09488,41.47934,53113816,2.09488,41.47934
1160775,53114571,2.09488,41.47934,53113791,2.09488,41.47934
1160799,53114571,2.09488,41.47934,53113767,2.09488,41.47934
1199941,53114569,2.09492,41.47936,53114628,2.09492,41.47936
1199956,53114569,2.09492,41.47936,53114613,2.09492,41.47936
1199969,53114569,2.09492,41.47936,53114600,2.09492,41.47936
1199984,53114569,2.09492,41.47936,53114585,2.09492,41.47936
1200012,53114569,2.09492,41.47936,53114557,2.09492,41.47936
1200026,53114569,2.09492,41.47936,53114543,2.09492,41.47936
1200039,53114569,2.09492,41.47936,53114530,2.09492,41.47936
1200053,53114569,2.09492,41.47936,53114516,2.09492,41.47936
1200061,53114569,2.09492,41.47936,53114508,2.09492,41.47936
1200076,53114569,2.09492,41.47936,53114493,2.09492,41.47936
1200093,53114569,2.09492,41.47936,53114476,2.09492,41.47936
1200108,53114569,2.09492,41.47936,53114461,2.09492,41.47936
1200129,53114569,2.09492,41.47936,53114440,2.09492,41.47936
1200169,53114569,2.09492,41.47936,53114400,2.09492,41.47936
1200256,53114569,2.09492,41.47936,53114312,2.09492,41.47936
1200317,53114569,2.09492,41.47936,53114251,2.09492,41.47936
1200395,53114569,2.09492,41.47936,53114173,2.09492,41.47936
1200462,53114569,2.09492,41.47936,53114106,2.09492,41.47936
1200516,53114569,2.09492,41.47936,53114052,2.09492,41.47936
1200581,53114569,2.09492,41.47936,53113987,2.09492,41.47936
1200618,53114569,2.09492,41.47936,53113949,2.09492,41.47936
1200638,53114569,2.09492,41.47936,53113929,2.09492,41.47936
1200668,53114569,2.09492,41.47936,53113898,2.09492,41.47936
1200688,53114569,2.09492,41.47936,53113877,2.09492,41.47936
1200715,53114569,2.09492,41.47936,53113850,2.09492,41.47936
1200744,53114569,2.09492,41.47936,53113820,2.09492,41.47936
1200770,53114569,2.09492,41.47936,53113794,2.09492,41.47936
1200810,53114569,2.09492,41.47936,53113753,2.09492,41.47936
1200846,53114569,2.09492,41.47936,53113717,2.09492,41.47936
1219944,53114568,2.09514,41.47939,53114624,2.09514,41.47939
1219957,53114568,2.09514,41.47939,53114611,2.09514,41.47939
1219970,53114568,2.09514,41.47939,53114598,2.09514,41.47939
1219984,53114568,2.09514,41.47939,53114584,2.09514,41.47939
1220014,53114568,2.09514,41.47939,53114554,2.09514,41.47939
1220028,53114568,2.09514,41.47939,53114540,2.09514,41.47939
1220039,53114568,2.09514,41.47939,53114529,2.09514,41.47939
1220053,53114568,2.09514,41.47939,53114515,2.09514,41.47939
1220063,53114568,2.09514,41.47939,53114505,2.09514,41.47939
1220077,53114568,2.09514,41.47939,53114491,2.09514,41.47939
1220094,53114568,2.09514,41.47939,53114474,2.09514,41.47939
1220108,53114568,2.09514,41.47939,53114460,2.09514,41.47939
1220130,53114568,2.09514,41.47939,53114438,2.09514,41.47939
1220180,53114568,2.09514,41.47939,53114388,2.09514,41.47939
1220271,53114568,2.09514,41.47939,53114296,2.09514,41.47939
1220328,53114568,2.09514,41.47939,53114239,2.09514,41.47939
1220398,53114568,2.09514,41.47939,53114169,2.09514,41.47939
1220474,53114568,2.09514,41.47939,53114093,2.09514,41.47939
1220530,53114568,2.09514,41.47939,53114037,2.09514,41.47939
1220595,53114568,2.09514,41.47939,53113971,2.09514,41.47939
1220621,53114568,2.09514,41.47939,53113945,2.09514,41.47939
1220644,53114568,2.09514,41.47939,53113922,2.09514,41.47939
1220670,53114568,2.09514,41.47939,53113895,2.09514,41.47939
1239944,53114567,2.09513,41.47945,53114623,2.09513,41.47945
1239957,53114567,2.09513,41.47945,53114610,2.09513,41.47945
1239970,53114567,2.09513,41.47945,53114597,2.09513,41.47945
1239984,53114567,2.09513,41.47945,53114583,2.09513,41.47945
1240014,53114567,2.09513,41.47945,53114553,2.09513,41.47945
1240028,53114567,2.09513,41.47945,53114539,2.09513,41.47945
1240040,53114567,2.09513,41.47945,53114527,2.09513,41.47945
1240053,53114567,2.09513,41.47945,53114514,2.09513,41.47945
1240064,53114567,2.09513,41.47945,53114503,2.09513,41.47945
1240080,53114567,2.09513,41.47945,53114487,2.09513,41.47945
1240095,53114567,2.09513,41.47945,53114472,2.09513,41.47945
1240111,53114567,2.09513,41.47945,53114456,2.09513,41.47945
1240131,53114567,2.09513,41.47945,53114436,2.09513,41.47945
1240191,53114567,2.09513,41.47945,53114376,2.09513,41.47945
1240281,53114567,2.09513,41.47945,53114285,2.09513,41.47945
1240341,53114567,2.09513,41.47945,53114225,2.09513,41.47945
1240409,53114567,2.09513,41.47945,53114157,2.09513,41.47945
1240475,53114567,2.09513,41.47945,53114091,2.09513,41.47945
1240532,53114567,2.09513,41.47945,53114034,2.09513,41.47945
1240595,53114567,2.09513,41.47945,53113970,2.09513,41.47945
1240621,53114567,2.09513,41.47945,53113944,2.09513,41.47945
1240644,53114567,2.09513,41.47945,53113921,2.09513,41.47945
1240670,53114567,2.09513,41.47945,53113894,2.09513,41.47945
1240691,53114567,2.09513,41.47945,53113872,2.09513,41.47945
1240719,53114567,2.09513,41.47945,53113844,2.09513,41.47945
1240750,53114567,2.09513,41.47945,53113812,2.09513,41.47945
1240774,53114567,2.09513,41.47945,53113788,2.09513,41.47945
1240816,53114567,2.09513,41.47945,53113745,2.09513,41.47945
1240858,53114567,2.09513,41.47945,53113703,2.09513,41.47945
1240915,53114567,2.09513,41.47945,53113646,2.09513,41.47945
1240956,53114567,2.09513,41.47945,53113604,2.09513,41.47945
1240991,53114567,2.09513,41.47945,53113569,2.09513,41.47945
1379944,53114560,2.07711,41.46928,53114616,2.07711,41.46928
1379956,53114560,2.07711,41.46928,53114604,2.07711,41.46928
1379970,53114560,2.07711,41.46928,53114590,2.07711,41.46928
1379986,53114560,2.07711,41.46928,53114574,2.07711,41.46928
1380014,53114560,2.07711,41.46928,53114546,2.07711,41.46928
1380027,53114560,2.07711,41.46928,53114533,2.07711,41.46928
1380038,53114560,2.07711,41.46928,53114522,2.07711,41.46928
1380049,53114560,2.07711,41.46928,53114511,2.07711,41.46928
1399933,53114559,2.09539,41.47969,53114626,2.09539,41.47969
1399945,53114559,2.09539,41.47969,53114614,2.09539,41.47969
1399958,53114559,2.09539,41.47969,53114601,2.09539,41.47969
1399971,53114559,2.09539,41.47969,53114588,2.09539,41.47969
1399987,53114559,2.09539,41.47969,53114572,2.09539,41.47969
1400014,53114559,2.09539,41.47969,53114545,2.09539,41.47969
1400027,53114559,2.09539,41.47969,53114532,2.09539,41.47969
1400039,53114559,2.09539,41.47969,53114520,2.09539,41.47969
1400050,53114559,2.09539,41.47969,53114509,2.09539,41.47969
1400065,53114559,2.09539,41.47969,53114494,2.09539,41.47969
1400079,53114559,2.09539,41.47969,53114480,2.09539,41.47969
1400097,53114559,2.09539,41.47969,53114462,2.09539,41.47969
1400117,53114559,2.09539,41.47969,53114442,2.09539,41.47969
1400158,53114559,2.09539,41.47969,53114401,2.09539,41.47969
1400245,53114559,2.09539,41.47969,53114313,2.09539,41.47969
1400304,53114559,2.09539,41.47969,53114254,2.09539,41.47969
1400373,53114559,2.09539,41.47969,53114185,2.09539,41.47969
1400439,53114559,2.09539,41.47969,53114119,2.09539,41.47969
1400500,53114559,2.09539,41.47969,53114058,2.09539,41.47969
1400559,53114559,2.09539,41.47969,53113999,2.09539,41.47969
1400605,53114559,2.09539,41.47969,53113952,2.09539,41.47969
1400627,53114559,2.09539,41.47969,53113930,2.09539,41.47969
1400654,53114559,2.09539,41.47969,53113902,2.09539,41.47969
1400676,53114559,2.09539,41.47969,53113879,2.09539,41.47969
1400704,53114559,2.09539,41.47969,53113851,2.09539,41.47969
1400731,53114559,2.09539,41.47969,53113823,2.09539,41.47969
1400758,53114559,2.09539,41.47969,53113796,2.09539,41.47969
1400796,53114559,2.09539,41.47969,53113757,2.09539,41.47969
1400834,53114559,2.09539,41.47969,53113719,2.09539,41.47969
1400891,53114559,2.09539,41.47969,53113662,2.09539,41.47969
1400929,53114559,2.09539,41.47969,53113624,2.09539,41.47969
1400972,53114559,2.09539,41.47969,53113580,2.09539,41.47969
1401003,53114559,2.09539,41.47969,53113549,2.09539,41.47969
1401035,53114559,2.09539,41.47969,53113516,2.09539,41.47969
1401098,53114559,2.09539,41.47969,53113453,2.09539,41.47969
1401231,53114559,2.09539,41.47969,53113320,2.09539,41.47969
1401329,53114559,2.09539,41.47969,53113222,2.09539,41.47969
1401431,53114559,2.09539,41.47969,53113118,2.09539,41.47969
1401540,53114559,2.09539,41.47969,53113009,2.09539,41.47969
1401581,53114559,2.09539,41.47969,53112968,2.09539,41.47969
1401614,53114559,2.09539,41.47969,53112934,2.09539,41.47969
1419933,53114558,2.09488,41.47934,53114625,2.09488,41.47934
1419946,53114558,2.09488,41.47934,53114612,2.09488,41.47934
1419959,53114558,2.09488,41.47934,53114599,2.09488,41.47934
1419971,53114558,2.09488,41.47934,53114587,2.09488,41.47934
1419987,53114558,2.09488,41.47934,53114571,2.09488,41.47934
1420014,53114558,2.09488,41.47934,53114544,2.09488,41.47934
1420027,53114558,2.09488,41.47934,53114531,2.09488,41.47934
1420039,53114558,2.09488,41.47934,53114519,2.09488,41.47934
1420052,53114558,2.09488,41.47934,53114506,2.09488,41.47934
1420066,53114558,2.09488,41.47934,53114492,2.09488,41.47934
1420083,53114558,2.09488,41.47934,53114475,2.09488,41.47934
1420099,53114558,2.09488,41.47934,53114459,2.09488,41.47934
1420119,53114558,2.09488,41.47934,53114439,2.09488,41.47934
1420169,53114558,2.09488,41.47934,53114389,2.09488,41.47934
1420256,53114558,2.09488,41.47934,53114301,2.09488,41.47934
1420307,53114558,2.09488,41.47934,53114250,2.09488,41.47934
1420386,53114558,2.09488,41.47934,53114171,2.09488,41.47934
1420452,53114558,2.09488,41.47934,53114105,2.09488,41.47934
1420506,53114558,2.09488,41.47934,53114051,2.09488,41.47934
1420571,53114558,2.09488,41.47934,53113986,2.09488,41.47934
1420608,53114558,2.09488,41.47934,53113948,2.09488,41.47934
1420631,53114558,2.09488,41.47934,53113925,2.09488,41.47934
1420658,53114558,2.09488,41.47934,53113897,2.09488,41.47934
1420679,53114558,2.09488,41.47934,53113875,2.09488,41.47934
1420705,53114558,2.09488,41.47934,53113849,2.09488,41.47934
1420737,53114558,2.09488,41.47934,53113816,2.09488,41.47934
1420762,53114558,2.09488,41.47934,53113791,2.09488,41.47934
1420786,53114558,2.09488,41.47934,53113767,2.09488,41.47934
1439929,53114557,2.09492,41.47936,53114628,2.09492,41.47936
1439944,53114557,2.09492,41.47936,53114613,2.09492,41.47936
1439957,53114557,2.09492,41.47936,53114600,2.09492,41.47936
1439972,53114557,2.09492,41.47936,53114585,2.09492,41.47936
1439988,53114557,2.09492,41.47936,53114569,2.09492,41.47936
1440014,53114557,2.09492,41.47936,53114543,2.09492,41.47936
1440027,53114557,2.09492,41.47936,53114530,2.09492,41.47936
1440041,53114557,2.09492,41.47936,53114516,2.09492,41.47936
1440049,53114557,2.09492,41.47936,53114508,2.09492,41.47936
1440064,53114557,2.09492,41.47936,53114493,2.09492,41.47936
1440081,53114557,2.09492,41.47936,53114476,2.09492,41.47936
1440096,53114557,2.09492,41.47936,53114461,2.09492,41.47936
1440117,53114557,2.09492,41.47936,53114440,2.09492,41.47936
1440157,53114557,2.09492,41.47936,53114400,2.09492,41.47936
1440244,53114557,2.09492,41.47936,53114312,2.09492,41.47936
1440305,53114557,2.09492,41.47936,53114251,2.09492,41.47936
1440383,53114557,2.09492,41.47936,53114173,2.09492,41.47936
1440450,53114557,2.09492,41.47936,53114106,2.09492,41.47936
1440504,53114557,2.09492,41.47936,53114052,2.09492,41.47936
1440569,53114557,2.09492,41.47936,53113987,2.09492,41.47936
1440606,53114557,2.09492,41.47936,53113949,2.09492,41.47936
1440626,53114557,2.09492,41.47936,53113929,2.09492,41.47936
1440656,53114557,2.09492,41.47936,53113898,2.09492,41.47936
1440676,53114557,2.09492,41.47936,53113877,2.09492,41.47936
1440703,53114557,2.09492,41.47936,53113850,2.09492,41.47936
1440732,53114557,2.09492,41.47936,53113820,2.09492,41.47936
1440758,53114557,2.09492,41.47936,53113794,2.09492,41.47936
1440798,53114557,2.09492,41.47936,53113753,2.09492,41.47936
1440834,53114557,2.09492,41.47936,53113717,2.09492,41.47936
1499930,53114554,2.09514,41.47939,53114624,2.09514,41.47939
1499943,53114554,2.09514,41.47939,53114611,2.09514,41.47939
1499956,53114554,2.09514,41.47939,53114598,2.09514,41.47939
1499970,53114554,2.09514,41.47939,53114584,2.09514,41.47939
1499986,53114554,2.09514,41.47939,53114568,2.09514,41.47939
1500014,53114554,2.09514,41.47939,53114540,2.09514,41.47939
1500025,53114554,2.09514,41.47939,53114529,2.09514,41.47939
1500039,53114554,2.09514,41.47939,53114515,2.09514,41.47939
1500049,53114554,2.09514,41.47939,53114505,2.09514,41.47939
1500063,53114554,2.09514,41.47939,53114491,2.09514,41.47939
1500080,53114554,2.09514,41.47939,53114474,2.09514,41.47939
1500094,53114554,2.09514,41.47939,53114460,2.09514,41.47939
1500116,53114554,2.09514,41.47939,53114438,2.09514,41.47939
1500166,53114554,2.09514,41.47939,53114388,2.09514,41.47939
1500257,53114554,2.09514,41.47939,53114296,2.09514,41.47939
1500314,53114554,2.09514,41.47939,53114239,2.09514,41.47939
1500384,53114554,2.09514,41.47939,53114169,2.09514,41.47939
1500460,53114554,2.09514,41.47939,53114093,2.09514,41.47939
1500516,53114554,2.09514,41.47939,53114037,2.09514,41.47939
1500581,53114554,2.09514,41.47939,53113971,2.09514,41.47939
1500607,53114554,2.09514,41.47939,53113945,2.09514,41.47939
1500630,53114554,2.09514,41.47939,53113922,2.09514,41.47939
1500656,53114554,2.09514,41.47939,53113895,2.09514,41.47939
1519930,53114553,2.09513,41.47945,53114623,2.09513,41.47945
1519943,53114553,2.09513,41.47945,53114610,2.09513,41.47945
1519956,53114553,2.09513,41.47945,53114597,2.09513,41.47945
1519970,53114553,2.09513,41.47945,53114583,2.09513,41.47945
1519986,53114553,2.09513,41.47945,53114567,2.09513,41.47945
1520014,53114553,2.09513,41.47945,53114539,2.09513,41.47945
1520026,53114553,2.09513,41.47945,53114527,2.09513,41.47945
1520039,53114553,2.09513,41.47945,53114514,2.09513,41.47945
1520050,53114553,2.09513,41.47945,53114503,2.09513,41.47945
1520066,53114553,2.09513,41.47945,53114487,2.09513,41.47945
1520081,53114553,2.09513,41.47945,53114472,2.09513,41.47945
1520097,53114553,2.09513,41.47945,53114456,2.09513,41.47945
1520117,53114553,2.09513,41.47945,53114436,2.09513,41.47945
1520177,53114553,2.09513,41.47945,53114376,2.09513,41.47945
1520267,53114553,2.09513,41.47945,53114285,2.09513,41.47945
1520327,53114553,2.09513,41.47945,53114225,2.09513,41.47945
1520395,53114553,2.09513,41.47945,53114157,2.09513,41.47945
1520461,53114553,2.09513,41.47945,53114091,2.09513,41.47945
1520518,53114553,2.09513,41.47945,53114034,2.09513,41.47945
1520581,53114553,2.09513,41.47945,53113970,2.09513,41.47945
1520607,53114553,2.09513,41.47945,53113944,2.09513,41.47945
1520630,53114553,2.09513,41.47945,53113921,2.09513,41.47945
1520656,53114553,2.09513,41.47945,53113894,2.09513,41.47945
1520677,53114553,2.09513,41.47945,53113872,2.09513,41.47945
1520705,53114553,2.09513,41.47945,53113844,2.09513,41.47945
1520736,53114553,2.09513,41.47945,53113812,2.09513,41.47945
1520760,53114553,2.09513,41.47945,53113788,2.09513,41.47945
1520802,53114553,2.09513,41.47945,53113745,2.09513,41.47945
1520844,53114553,2.09513,41.47945,53113703,2.09513,41.47945
1520901,53114553,2.09513,41.47945,53113646,2.09513,41.47945
1520942,53114553,2.09513,41.47945,53113604,2.09513,41.47945
1520977,53114553,2.09513,41.47945,53113569,2.09513,41.47945
1659930,53114546,2.07711,41.46928,53114616,2.07711,41.46928
1659942,53114546,2.07711,41.46928,53114604,2.07711,41.46928
1659956,53114546,2.07711,41.46928,53114590,2.07711,41.46928
1659972,53114546,2.07711,41.46928,53114574,2.07711,41.46928
1659986,53114546,2.07711,41.46928,53114560,2.07711,41.46928
1660013,53114546,2.07711,41.46928,53114533,2.07711,41.46928
1660024,53114546,2.07711,41.46928,53114522,2.07711,41.46928
1660035,53114546,2.07711,41.46928,53114511,2.07711,41.46928
1679919,53114545,2.09539,41.47969,53114626,2.09539,41.47969
1679931,53114545,2.09539,41.47969,53114614,2.09539,41.47969
1679944,53114545,2.09539,41.47969,53114601,2.09539,41.47969
1679957,53114545,2.09539,41.47969,53114588,2.09539,41.47969
1679973,53114545,2.09539,41.47969,53114572,2.09539,41.47969
1679986,53114545,2.09539,41.47969,53114559,2.09539,41.47969
1680013,53114545,2.09539,41.47969,53114532,2.09539,41.47969
1680025,53114545,2.09539,41.47969,53114520,2.09539,41.47969
1680036,53114545,2.09539,41.47969,53114509,2.09539,41.47969
1680051,53114545,2.09539,41.47969,53114494,2.09539,41.47969
1680065,53114545,2.09539,41.47969,53114480,2.09539,41.47969
1680083,53114545,2.09539,41.47969,53114462,2.09539,41.47969
1680103,53114545,2.09539,41.47969,53114442,2.09539,41.47969
1680144,53114545,2.09539,41.47969,53114401,2.09539,41.47969
1680231,53114545,2.09539,41.47969,53114313,2.09539,41.47969
1680290,53114545,2.09539,41.47969,53114254,2.09539,41.47969
1680359,53114545,2.09539,41.47969,53114185,2.09539,41.47969
1680425,53114545,2.09539,41.47969,53114119,2.09539,41.47969
1680486,53114545,2.09539,41.47969,53114058,2.09539,41.47969
1680545,53114545,2.09539,41.47969,53113999,2.09539,41.47969
1680591,53114545,2.09539,41.47969,53113952,2.09539,41.47969
1680613,53114545,2.09539,41.47969,53113930,2.09539,41.47969
1680640,53114545,2.09539,41.47969,53113902,2.09539,41.47969
1680662,53114545,2.09539,41.47969,53113879,2.09539,41.47969
1680690,53114545,2.09539,41.47969,53113851,2.09539,41.47969
1680717,53114545,2.09539,41.47969,53113823,2.09539,41.47969
1680744,53114545,2.09539,41.47969,53113796,2.09539,41.47969
1680782,53114545,2.09539,41.47969,53113757,2.09539,41.47969
1680820,53114545,2.09539,41.47969,53113719,2.09539,41.47969
1680877,53114545,2.09539,41.47969,53113662,2.09539,41.47969
1680915,53114545,2.09539,41.47969,53113624,2.09539,41.47969
1680958,53114545,2.09539,41.47969,53113580,2.09539,41.47969
1680989,53114545,2.09539,41.47969,53113549,2.09539,41.47969
1681021,53114545,2.09539,41.47969,53113516,2.09539,41.47969
1681084,53114545,2.09539,41.47969,53113453,2.09539,41.47969
1681217,53114545,2.09539,41.47969,53113320,2.09539,41.47969
1681315,53114545,2.09539,41.47969,53113222,2.09539,41.47969
1681417,53114545,2.09539,41.47969,53113118,2.09539,41.47969
1681526,53114545,2.09539,41.47969,53113009,2.09539,41.47969
1681567,53114545,2.09539,41.47969,53112968,2.09539,41.47969
1681600,53114545,2.09539,41.47969,53112934,2.09539,41.47969
1699919,53114544,2.09488,41.47934,53114625,2.09488,41.47934
1699932,53114544,2.09488,41.47934,53114612,2.09488,41.47934
1699945,53114544,2.09488,41.47934,53114599,2.09488,41.47934
1699957,53114544,2.09488,41.47934,53114587,2.09488,41.47934
1699973,53114544,2.09488,41.47934,53114571,2.09488,41.47934
1699986,53114544,2.09488,41.47934,53114558,2.09488,41.47934
1700013,53114544,2.09488,41.47934,53114531,2.09488,41.47934
1700025,53114544,2.09488,41.47934,53114519,2.09488,41.47934
1700038,53114544,2.09488,41.47934,53114506,2.09488,41.47934
1700052,53114544,2.09488,41.47934,53114492,2.09488,41.47934
1700069,53114544,2.09488,41.47934,53114475,2.09488,41.47934
1700085,53114544,2.09488,41.47934,53114459,2.09488,41.47934
1700105,53114544,2.09488,41.47934,53114439,2.09488,41.47934
1700155,53114544,2.09488,41.47934,53114389,2.09488,41.47934
1700242,53114544,2.09488,41.47934,53114301,2.09488,41.47934
1700293,53114544,2.09488,41.47934,53114250,2.09488,41.47934
1700372,53114544,2.09488,41.47934,53114171,2.09488,41.47934
1700438,53114544,2.09488,41.47934,53114105,2.09488,41.47934
1700492,53114544,2.09488,41.47934,53114051,2.09488,41.47934
1700557,53114544,2.09488,41.47934,53113986,2.09488,41.47934
1700594,53114544,2.09488,41.47934,53113948,2.09488,41.47934
1700617,53114544,2.09488,41.47934,53113925,2.09488,41.47934
1700644,53114544,2.09488,41.47934,53113897,2.09488,41.47934
1700665,53114544,2.09488,41.47934,53113875,2.09488,41.47934
1700691,53114544,2.09488,41.47934,53113849,2.09488,41.47934
1700723,53114544,2.09488,41.47934,53113816,2.09488,41.47934
1700748,53114544,2.09488,41.47934,53113791,2.09488,41.47934
1700772,53114544,2.09488,41.47934,53113767,2.09488,41.47934
1719915,53114543,2.09492,41.47936,53114628,2.09492,41.47936
1719930,53114543,2.09492,41.47936,53114613,2.09492,41.47936
1719943,53114543,2.09492,41.47936,53114600,2.09492,41.47936
1719958,53114543,2.09492,41.47936,53114585,2.09492,41.47936
1719974,53114543,2.09492,41.47936,53114569,2.09492,41.47936
1719986,53114543,2.09492,41.47936,53114557,2.09492,41.47936
1720013,53114543,2.09492,41.47936,53114530,2.09492,41.47936
1720027,53114543,2.09492,41.47936,53114516,2.09492,41.47936
1720035,53114543,2.09492,41.47936,53114508,2.09492,41.47936
1720050,53114543,2.09492,41.47936,53114493,2.09492,41.47936
1720067,53114543,2.09492,41.47936,53114476,2.09492,41.47936
1720082,53114543,2.09492,41.47936,53114461,2.09492,41.47936
1720103,53114543,2.09492,41.47936,53114440,2.09492,41.47936
1720143,53114543,2.09492,41.47936,53114400,2.09492,41.47936
1720230,53114543,2.09492,41.47936,53114312,2.09492,41.47936
1720291,53114543,2.09492,41.47936,53114251,2.09492,41.47936
1720369,53114543,2.09492,41.47936,53114173,2.09492,41.47936
1720436,53114543,2.09492,41.47936,53114106,2.09492,41.47936
1720490,53114543,2.09492,41.47936,53114052,2.09492,41.47936
1720555,53114543,2.09492,41.47936,53113987,2.09492,41.47936
1720592,53114543,2.09492,41.47936,53113949,2.09492,41.47936
1720612,53114543,2.09492,41.47936,53113929,2.09492,41.47936
1720642,53114543,2.09492,41.47936,53113898,2.09492,41.47936
1720662,53114543,2.09492,41.47936,53113877,2.09492,41.47936
1720689,53114543,2.09492,41.47936,53113850,2.09492,41.47936
1720718,53114543,2.09492,41.47936,53113820,2.09492,41.47936
1720744,53114543,2.09492,41.47936,53113794,2.09492,41.47936
1720784,53114543,2.09492,41.47936,53113753,2.09492,41.47936
1720820,53114543,2.09492,41.47936,53113717,2.09492,41.47936
1779916,53114540,2.09514,41.47939,53114624,2.09514,41.47939
1779929,53114540,2.09514,41.47939,53114611,2.09514,41.47939
1779942,53114540,2.09514,41.47939,53114598,2.09514,41.47939
1779956,53114540,2.09514,41.47939,53114584,2.09514,41.47939
1779972,53114540,2.09514,41.47939,53114568,2.09514,41.47939
1779986,53114540,2.09514,41.47939,53114554,2.09514,41.47939
1780011,53114540,2.09514,41.47939,53114529,2.09514,41.47939
1780025,53114540,2.09514,41.47939,53114515,2.09514,41.47939
1780035,53114540,2.09514,41.47939,53114505,2.09514,41.47939
1780049,53114540,2.09514,41.47939,53114491,2.09514,41.47939
1780066,53114540,2.09514,41.47939,53114474,2.09514,41.47939
1780080,53114540,2.09514,41.47939,53114460,2.09514,41.47939
1780102,53114540,2.09514,41.47939,53114438,2.09514,41.47939
1780152,53114540,2.09514,41.47939,53114388,2.09514,41.47939
1780243,53114540,2.09514,41.47939,53114296,2.09514,41.47939
1780300,53114540,2.09514,41.47939,53114239,2.09514,41.47939
1780370,53114540,2.09514,41.47939,53114169,2.09514,41.47939
1780446,53114540,2.09514,41.47939,53114093,2.09514,41.47939
1780502,53114540,2.09514,41.47939,53114037,2.09514,41.47939
1780567,53114540,2.09514,41.47939,53113971,2.09514,41.47939
1780593,53114540,2.09514,41.47939,53113945,2.09514,41.47939
1780616,53114540,2.09514,41.47939,53113922,2.09514,41.47939
1780642,53114540,2.09514,41.47939,53113895,2.09514,41.47939
1799916,53114539,2.09513,41.47945,53114623,2.09513,41.47945
1799929,53114539,2.09513,41.47945,53114610,2.09513,41.47945
1799942,53114539,2.09513,41.47945,53114597,2.09513,41.47945
1799956,53114539,2.09513,41.47945,53114583,2.09513,41.47945
1799972,53114539,2.09513,41.47945,53114567,2.09513,41.47945
1799986,53114539,2.09513,41.47945,53114553,2.09513,41.47945
1800012,53114539,2.09513,41.47945,53114527,2.09513,41.47945
1800025,53114539,2.09513,41.47945,53114514,2.09513,41.47945
1800036,53114539,2.09513,41.47945,53114503,2.09513,41.47945
1800052,53114539,2.09513,41.47945,53114487,2.09513,41.47945
1800067,53114539,2.09513,41.47945,53114472,2.09513,41.47945
1800083,53114539,2.09513,41.47945,53114456,2.09513,41.47945
1800103,53114539,2.09513,41.47945,53114436,2.09513,41.47945
1800163,53114539,2.09513,41.47945,53114376,2.09513,41.47945
1800253,53114539,2.09513,41.47945,53114285,2.09513,41.47945
1800313,53114539,2.09513,41.47945,53114225,2.09513,41.47945
1800381,53114539,2.09513,41.47945,53114157,2.09513,41.47945
1800447,53114539,2.09513,41.47945,53114091,2.09513,41.47945
1800504,53114539,2.09513,41.47945,53114034,2.09513,41.47945
1800567,53114539,2.09513,41.47945,53113970,2.09513,41.47945
1800593,53114539,2.09513,41.47945,53113944,2.09513,41.47945
1800616,53114539,2.09513,41.47945,53113921,2.09513,41.47945
1800642,53114539,2.09513,41.47945,53113894,2.09513,41.47945
1800663,53114539,2.09513,41.47945,53113872,2.09513,41.47945
1800691,53114539,2.09513,41.47945,53113844,2.09513,41.47945
1800722,53114539,2.09513,41.47945,53113812,2.09513,41.47945
1800746,53114539,2.09513,41.47945,53113788,2.09513,41.47945
1800788,53114539,2.09513,41.47945,53113745,2.09513,41.47945
1800830,53114539,2.09513,41.47945,53113703,2.09513,41.47945
1800887,53114539,2.09513,41.47945,53113646,2.09513,41.47945
1800928,53114539,2.09513,41.47945,53113604,2.09513,41.47945
1800963,53114539,2.09513,41.47945,53113569,2.09513,41.47945
1879914,53114535,2.095073,41.47966,53114621,2.095074,41.47966
1919917,53114533,2.07711,41.46928,53114616,2.07711,41.46928
1919929,53114533,2.07711,41.46928,53114604,2.07711,41.46928
1919943,53114533,2.07711,41.46928,53114590,2.07711,41.46928
1919959,53114533,2.07711,41.46928,53114574,2.07711,41.46928
1919973,53114533,2.07711,41.46928,53114560,2.07711,41.46928
1919987,53114533,2.07711,41.46928,53114546,2.07711,41.46928
1920011,53114533,2.07711,41.46928,53114522,2.07711,41.46928
1920022,53114533,2.07711,41.46928,53114511,2.07711,41.46928
1939906,53114532,2.09539,41.47969,53114626,2.09539,41.47969
1939918,53114532,2.09539,41.47969,53114614,2.09539,41.47969
1939931,53114532,2.09539,41.47969,53114601,2.09539,41.47969
1939944,53114532,2.09539,41.47969,53114588,2.09539,41.47969
1939960,53114532,2.09539,41.47969,53114572,2.09539,41.47969
1939973,53114532,2.09539,41.47969,53114559,2.09539,41.47969
1939987,53114532,2.09539,41.47969,53114545,2.09539,41.47969
1940012,53114532,2.09539,41.47969,53114520,2.09539,41.47969
1940023,53114532,2.09539,41.47969,53114509,2.09539,41.47969
1940038,53114532,2.09539,41.47969,53114494,2.09539,41.47969
1940052,53114532,2.09539,41.47969,53114480,2.09539,41.47969
1940070,53114532,2.09539,41.47969,53114462,2.09539,41.47969
1940090,53114532,2.09539,41.47969,53114442,2.09539,41.47969
1940131,53114532,2.09539,41.47969,53114401,2.09539,41.47969
1940218,53114532,2.09539,41.47969,53114313,2.09539,41.47969
1940277,53114532,2.09539,41.47969,53114254,2.09539,41.47969
1940346,53114532,2.09539,41.47969,53114185,2.09539,41.47969
1940412,53114532,2.09539,41.47969,53114119,2.09539,41.47969
1940473,53114532,2.09539,41.47969,53114058,2.09539,41.47969
1940532,53114532,2.09539,41.47969,53113999,2.09539,41.47969
1940578,53114532,2.09539,41.47969,53113952,2.09539,41.47969
1940600,53114532,2.09539,41.47969,53113930,2.09539,41.47969
1940627,53114532,2.09539,41.47969,53113902,2.09539,41.47969
1940649,53114532,2.09539,41.47969,53113879,2.09539,41.47969
1940677,53114532,2.09539,41.47969,53113851,2.09539,41.47969
1940704,53114532,2.09539,41.47969,53113823,2.09539,41.47969
1940731,53114532,2.09539,41.47969,53113796,2.09539,41.47969
1940769,53114532,2.09539,41.47969,53113757,2.09539,41.47969
1940807,53114532,2.09539,41.47969,53113719,2.09539,41.47969
1940864,53114532,2.09539,41.47969,53113662,2.09539,41.47969
1940902,53114532,2.09539,41.47969,53113624,2.09539,41.47969
1940945,53114532,2.09539,41.47969,53113580,2.09539,41.47969
1940976,53114532,2.09539,41.47969,53113549,2.09539,41.47969
1941008,53114532,2.09539,41.47969,53113516,2.09539,41.47969
1941071,53114532,2.09539,41.47969,53113453,2.09539,41.47969
1941204,53114532,2.09539,41.47969,53113320,2.09539,41.47969
1941302,53114532,2.09539,41.47969,53113222,2.09539,41.47969
1941404,53114532,2.09539,41.47969,53113118,2.09539,41.47969
1941513,53114532,2.09539,41.47969,53113009,2.09539,41.47969
1941554,53114532,2.09539,41.47969,53112968,2.09539,41.47969
1941587,53114532,2.09539,41.47969,53112934,2.09539,41.47969
1959906,53114531,2.09488,41.47934,53114625,2.09488,41.47934
1959919,53114531,2.09488,41.47934,53114612,2.09488,41.47934
1959932,53114531,2.09488,41.47934,53114599,2.09488,41.47934
1959944,53114531,2.09488,41.47934,53114587,2.09488,41.47934
1959960,53114531,2.09488,41.47934,53114571,2.09488,41.47934
1959973,53114531,2.09488,41.47934,53114558,2.09488,41.47934
1959987,53114531,2.09488,41.47934,53114544,2.09488,41.47934
1960012,53114531,2.09488,41.47934,53114519,2.09488,41.47934
1960025,53114531,2.09488,41.47934,53114506,2.09488,41.47934
1960039,53114531,2.09488,41.47934,53114492,2.09488,41.47934
1960056,53114531,2.09488,41.47934,53114475,2.09488,41.47934
1960072,53114531,2.09488,41.47934,53114459,2.09488,41.47934
1960092,53114531,2.09488,41.47934,53114439,2.09488,41.47934
1960142,53114531,2.09488,41.47934,53114389,2.09488,41.47934
1960229,53114531,2.09488,41.47934,53114301,2.09488,41.47934
1960280,53114531,2.09488,41.47934,53114250,2.09488,41.47934
1960359,53114531,2.09488,41.47934,53114171,2.09488,41.47934
1960425,53114531,2.09488,41.47934,53114105,2.09488,41.47934
1960479,53114531,2.09488,41.47934,53114051,2.09488,41.47934
1960544,53114531,2.09488,41.47934,53113986,2.09488,41.47934
1960581,53114531,2.09488,41.47934,53113948,2.09488,41.47934
1960604,53114531,2.09488,41.47934,53113925,2.09488,41.47934
1960631,53114531,2.09488,41.47934,53113897,2.09488,41.47934
1960652,53114531,2.09488,41.47934,53113875,2.09488,41.47934
1960678,53114531,2.09488,41.47934,53113849,2.09488,41.47934
1960710,53114531,2.09488,41.47934,53113816,2.09488,41.47934
1960735,53114531,2.09488,41.47934,53113791,2.09488,41.47934
1960759,53114531,2.09488,41.47934,53113767,2.09488,41.47934
1979902,53114530,2.09492,41.47936,53114628,2.09492,41.47936
1979917,53114530,2.09492,41.47936,53114613,2.09492,41.47936
1979930,53114530,2.09492,41.47936,53114600,2.09492,41.47936
1979945,53114530,2.09492,41.47936,53114585,2.09492,41.47936
1979961,53114530,2.09492,41.47936,53114569,2.09492,41.47936
1979973,53114530,2.09492,41.47936,53114557,2.09492,41.47936
1979987,53114530,2.09492,41.47936,53114543,2.09492,41.47936
1980014,53114530,2.09492,41.47936,53114516,2.09492,41.47936
1980022,53114530,2.09492,41.47936,53114508,2.09492,41.47936
1980037,53114530,2.09492,41.47936,53114493,2.09492,41.47936
1980054,53114530,2.09492,41.47936,53114476,2.09492,41.47936
1980069,53114530,2.09492,41.47936,53114461,2.09492,41.47936
1980090,53114530,2.09492,41.47936,53114440,2.09492,41.47936
1980130,53114530,2.09492,41.47936,53114400,2.09492,41.47936
1980217,53114530,2.09492,41.47936,53114312,2.09492,41.47936
1980278,53114530,2.09492,41.47936,53114251,2.09492,41.47936
1980356,53114530,2.09492,41.47936,53114173,2.09492,41.47936
1980423,53114530,2.09492,41.47936,53114106,2.09492,41.47936
1980477,53114530,2.09492,41.47936,53114052,2.09492,41.47936
1980542,53114530,2.09492,41.47936,53113987,2.09492,41.47936
1980579,53114530,2.09492,41.47936,53113949,2.09492,41.47936
1980599,53114530,2.09492,41.47936,53113929,2.09492,41.47936
1980629,53114530,2.09492,41.47936,53113898,2.09492,41.47936
1980649,53114530,2.09492,41.47936,53113877,2.09492,41.47936
1980676,53114530,2.09492,41.47936,53113850,2.09492,41.47936
1980705,53114530,2.09492,41.47936,53113820,2.09492,41.47936
1980731,53114530,2.09492,41.47936,53113794,2.09492,41.47936
1980771,53114530,2.09492,41.47936,53113753,2.09492,41.47936
1980807,53114530,2.09492,41.47936,53113717,2.09492,41.47936
