,POS_LATITUD,POS_LONGITUD,POS_FECHAHORA
0,"41,52687","2,10266",2015-04-16 14:50:25.000
12,"41,52475","2,10048",2015-04-16 14:50:07.000
24,"41,52253","2,09858",2015-04-16 14:49:47.000
26,"41,52229","2,09854",2015-04-16 14:49:45.000
38,"41,52145","2,09877",2015-04-16 14:49:27.000
54,"41,52114","2,09924",2015-04-16 14:49:07.000
56,"41,52097","2,09935",2015-04-16 14:49:05.000
64,"41,51998","2,09913",2015-04-16 14:48:56.000
65,"41,51872","2,09921",2015-04-16 14:48:47.000
82,"41,51599","2,09984",2015-04-16 14:48:27.000
87,"41,51503","2,10041",2015-04-16 14:48:20.000
92,"41,51445","2,10178",2015-04-16 14:48:09.000
93,"41,51428","2,10202",2015-04-16 14:48:07.000
104,"41,51298","2,10226",2015-04-16 14:47:47.000
108,"41,5129","2,10227",2015-04-16 14:47:45.000
117,"41,51014","2,10482",2015-04-16 14:47:27.000
131,"41,50693","2,10949",2015-04-16 14:47:07.000
140,"41,50571","2,1124",2015-04-16 14:46:57.000
147,"41,50489","2,11585",2015-04-16 14:46:47.000
163,"41,5048","2,12241",2015-04-16 14:46:27.000
176,"41,50554","2,12852",2015-04-16 14:46:07.000
177,"41,50594","2,13151",2015-04-16 14:45:52.000
178,"41,5064","2,13191",2015-04-16 14:45:47.000
179,"41,5067","2,13188",2015-04-16 14:45:44.000
254,"41,5072","2,13106",2015-04-16 14:45:36.000
290,"41,50706","2,12968",2015-04-16 14:45:28.000
359,"41,50504","2,12508",2015-04-16 14:45:07.000
414,"41,50286","2,12208",2015-04-16 14:44:48.000
506,"41,50139","2,11932",2015-04-16 14:44:27.000
555,"41,49831","2,11552",2015-04-16 14:44:07.000
613,"41,49517","2,1107",2015-04-16 14:43:47.000
661,"41,49283","2,10504",2015-04-16 14:43:27.000
663,"41,49127","2,10172",2015-04-16 14:43:14.000
686,"41,49112","2,09984",2015-04-16 14:43:07.000
687,"41,49154","2,09839",2015-04-16 14:43:01.000
717,"41,49159","2,09507",2015-04-16 14:42:47.000
739,"41,48977","2,08966",2015-04-16 14:42:27.000
762,"41,48801","2,08463",2015-04-16 14:42:06.000
765,"41,48793","2,0842",2015-04-16 14:42:03.000
779,"41,48756","2,0837",2015-04-16 14:41:56.000
792,"41,48713","2,08397",2015-04-16 14:41:47.000
815,"41,48597","2,08553",2015-04-16 14:41:27.000
853,"41,48497","2,08775",2015-04-16 14:41:07.000
889,"41,48396","2,0899",2015-04-16 14:40:47.000
941,"41,48221","2,09157",2015-04-16 14:40:27.000
985,"41,48089","2,09325",2015-04-16 14:40:08.000
991,"41,48075","2,0934",2015-04-16 14:40:06.000
1005,"41,48022","2,09335",2015-04-16 14:39:59.000
1028,"41,47936","2,09395",2015-04-16 14:39:47.000
1045,"41,47907","2,09429",2015-04-16 14:39:41.000
1061,"41,47911","2,09465",2015-04-16 14:39:28.000
1069,"41,4791","2,09475",2015-04-16 14:39:23.000
1083,"41,47908","2,09472",2015-04-16 14:39:16.000
6103,"41,47908","2,09472",2015-04-16 13:50:34.000
6127,"41,47908","2,09472",2015-04-16 13:50:18.000
6159,"41,47908","2,09472",2015-04-16 13:49:58.000
6191,"41,47908","2,09472",2015-04-16 13:49:38.000
6234,"41,47918","2,09458",2015-04-16 13:49:18.000
6246,"41,479","2,09433",2015-04-16 13:49:09.000
6258,"41,47846","2,09494",2015-04-16 13:48:58.000
6285,"41,47742","2,09647",2015-04-16 13:48:41.000
6290,"41,47728","2,09668",2015-04-16 13:48:38.000
6296,"41,47705","2,09671",2015-04-16 13:48:35.000
6305,"41,47694","2,09624",2015-04-16 13:48:29.000
6335,"41,47734","2,09603",2015-04-16 13:48:18.000
6371,"41,47755","2,09579",2015-04-16 13:47:58.000
6394,"41,47773","2,09557",2015-04-16 13:47:38.000
6447,"41,47773","2,09557",2015-04-16 13:47:18.000
6493,"41,47871","2,09438",2015-04-16 13:46:58.000
6521,"41,48013","2,09317",2015-04-16 13:46:42.000
6523,"41,48039","2,09276",2015-04-16 13:46:37.000
6528,"41,48046","2,09267",2015-04-16 13:46:36.000
6554,"41,48166","2,09168",2015-04-16 13:46:21.000
6556,"41,48187","2,09164",2015-04-16 13:46:17.000
6561,"41,48193","2,0916",2015-04-16 13:46:15.000
6569,"41,48248","2,09125",2015-04-16 13:45:58.000
6620,"41,48364","2,09002",2015-04-16 13:45:42.000
6623,"41,4838","2,08986",2015-04-16 13:45:38.000
6626,"41,48386","2,08983",2015-04-16 13:45:37.000
6657,"41,48478","2,08791",2015-04-16 13:45:18.000
6688,"41,48559","2,08612",2015-04-16 13:44:58.000
6721,"41,48686","2,08417",2015-04-16 13:44:38.000
6761,"41,48718","2,08288",2015-04-16 13:44:18.000
6799,"41,48709","2,08001",2015-04-16 13:43:57.000
6817,"41,48722","2,07924",2015-04-16 13:43:51.000
6851,"41,48684","2,07795",2015-04-16 13:43:37.000
6863,"41,48654","2,07731",2015-04-16 13:43:29.000
6883,"41,48669","2,0763",2015-04-16 13:43:18.000
6897,"41,48712","2,07511",2015-04-16 13:43:09.000
6910,"41,48662","2,0739",2015-04-16 13:43:00.000
6921,"41,48644","2,07352",2015-04-16 13:42:57.000
6963,"41,48643","2,07081",2015-04-16 13:42:38.000
6987,"41,4866","2,06831",2015-04-16 13:42:18.000
6988,"41,48658","2,06824",2015-04-16 13:42:17.000
7024,"41,48735","2,06645",2015-04-16 13:41:57.000
7029,"41,48742","2,0662",2015-04-16 13:41:55.000
7071,"41,48757","2,06391",2015-04-16 13:41:38.000
7102,"41,487","2,06192",2015-04-16 13:41:17.000
7139,"41,48659","2,05976",2015-04-16 13:40:58.000
7143,"41,48662","2,05959",2015-04-16 13:40:56.000
7171,"41,48643","2,05746",2015-04-16 13:40:38.000
7209,"41,48504","2,05512",2015-04-16 13:40:17.000
7225,"41,48475","2,0545",2015-04-16 13:40:10.000
7237,"41,48401","2,05329",2015-04-16 13:39:57.000
7267,"41,48303","2,05198",2015-04-16 13:39:38.000
7313,"41,48191","2,05124",2015-04-16 13:39:17.000
7327,"41,48144","2,05109",2015-04-16 13:39:11.000
7346,"41,48179","2,0501",2015-04-16 13:38:59.000
7347,"41,48191","2,04999",2015-04-16 13:38:57.000
7368,"41,48238","2,04862",2015-04-16 13:38:44.000
7376,"41,48202","2,04816",2015-04-16 13:38:37.000
7416,"41,4797","2,04635",2015-04-16 13:38:17.000
7461,"41,47716","2,04375",2015-04-16 13:37:57.000
7496,"41,47508","2,04068",2015-04-16 13:37:36.000
7524,"41,47342","2,03846",2015-04-16 13:37:18.000
7530,"41,47326","2,03838",2015-04-16 13:37:16.000
7536,"41,47299","2,03854",2015-04-16 13:37:12.000
7547,"41,47316","2,0394",2015-04-16 13:37:03.000
7560,"41,47309","2,03984",2015-04-16 13:36:58.000
7562,"41,47307","2,03998",2015-04-16 13:36:56.000
7598,"41,47332","2,04146",2015-04-16 13:36:35.000
7609,"41,47343","2,04187",2015-04-16 13:36:29.000
7642,"41,47299","2,04166",2015-04-16 13:36:15.000
7673,"41,47156","2,04155",2015-04-16 13:35:55.000
7706,"41,47006","2,04218",2015-04-16 13:35:35.000
7714,"41,46997","2,0426",2015-04-16 13:35:29.000
7731,"41,4708","2,0435",2015-04-16 13:35:14.000
7769,"41,47201","2,04458",2015-04-16 13:34:54.000
7772,"41,47214","2,04462",2015-04-16 13:34:52.000
7778,"41,47214","2,04496",2015-04-16 13:34:47.000
7785,"41,47183","2,04491",2015-04-16 13:34:42.000
7800,"41,47129","2,04512",2015-04-16 13:34:34.000
7828,"41,46993","2,04599",2015-04-16 13:34:14.000
7849,"41,46937","2,04646",2015-04-16 13:34:02.000
7858,"41,4691","2,04652",2015-04-16 13:33:56.000
7863,"41,46895","2,04657",2015-04-16 13:33:53.000
7891,"41,4683","2,04706",2015-04-16 13:33:40.000
7903,"41,46842","2,04758",2015-04-16 13:33:33.000
7938,"41,46871","2,04919",2015-04-16 13:33:14.000
7976,"41,4687","2,05099",2015-04-16 13:32:54.000
8000,"41,46868","2,05303",2015-04-16 13:32:34.000
8041,"41,46863","2,05508",2015-04-16 13:32:13.000
8076,"41,4686","2,05713",2015-04-16 13:31:54.000
8113,"41,46865","2,0585",2015-04-16 13:31:34.000
8145,"41,46873","2,06018",2015-04-16 13:31:14.000
8159,"41,46895","2,0608",2015-04-16 13:31:05.000
8175,"41,46855","2,06086",2015-04-16 13:30:53.000
8203,"41,46738","2,06154",2015-04-16 13:30:33.000
8213,"41,46718","2,06154",2015-04-16 13:30:28.000
8238,"41,46618","2,06205",2015-04-16 13:30:13.000
8245,"41,46603","2,06212",2015-04-16 13:30:10.000
8268,"41,46613","2,06285",2015-04-16 13:29:54.000
8296,"41,46641","2,06502",2015-04-16 13:29:33.000
8316,"41,46644","2,0659",2015-04-16 13:29:24.000
8335,"41,46666","2,06638",2015-04-16 13:29:13.000
8375,"41,46791","2,06626",2015-04-16 13:28:53.000
8382,"41,46809","2,06621",2015-04-16 13:28:47.000
8406,"41,46805","2,0652",2015-04-16 13:28:33.000
8407,"41,46804","2,06515",2015-04-16 13:28:32.000
8433,"41,46768","2,06497",2015-04-16 13:28:13.000
8467,"41,4665","2,06449",2015-04-16 13:27:53.000
8495,"41,46647","2,06622",2015-04-16 13:27:33.000
8526,"41,46659","2,06821",2015-04-16 13:27:13.000
8550,"41,46668","2,07035",2015-04-16 13:26:55.000
8551,"41,46656","2,07049",2015-04-16 13:26:53.000
8557,"41,46624","2,07041",2015-04-16 13:26:49.000
8588,"41,46457","2,07037",2015-04-16 13:26:33.000
8591,"41,46434","2,07037",2015-04-16 13:26:31.000
8599,"41,46321","2,06827",2015-04-16 13:26:13.000
8600,"41,46262","2,06693",2015-04-16 13:26:03.000
8601,"41,4615","2,06641",2015-04-16 13:25:53.000
8602,"41,45925","2,06598",2015-04-16 13:25:33.000
8603,"41,45785","2,06573",2015-04-16 13:25:14.000
8606,"41,45784","2,06567",2015-04-16 13:25:13.000
8607,"41,45793","2,06545",2015-04-16 13:25:09.000
8608,"41,458","2,06442",2015-04-16 13:24:53.000
8609,"41,45803","2,0634",2015-04-16 13:24:32.000
8610,"41,45833","2,06112",2015-04-16 13:24:13.000
8611,"41,45898","2,05843",2015-04-16 13:23:52.000
8612,"41,45967","2,05577",2015-04-16 13:23:32.000
8613,"41,4601","2,05378",2015-04-16 13:23:13.000
8614,"41,46006","2,0521",2015-04-16 13:23:00.000
8619,"41,45957","2,05125",2015-04-16 13:22:52.000
8620,"41,45835","2,04928",2015-04-16 13:22:33.000
8621,"41,45761","2,04823",2015-04-16 13:22:18.000
8623,"41,45756","2,04793",2015-04-16 13:22:12.000
8624,"41,45735","2,04615",2015-04-16 13:21:53.000
8625,"41,45721","2,04409",2015-04-16 13:21:32.000
8626,"41,45684","2,04256",2015-04-16 13:21:13.000
8627,"41,45623","2,04149",2015-04-16 13:21:01.000
8628,"41,45583","2,04147",2015-04-16 13:20:52.000
8629,"41,4556","2,04148",2015-04-16 13:20:48.000
8640,"41,45592","2,04215",2015-04-16 13:20:33.000
8642,"41,45613","2,04264",2015-04-16 13:20:24.000
8643,"41,45675","2,04257",2015-04-16 13:20:13.000
8644,"41,45679","2,04254",2015-04-16 13:20:12.000
8645,"41,45596","2,04097",2015-04-16 13:19:52.000
8646,"41,45494","2,03921",2015-04-16 13:19:32.000
8647,"41,45475","2,03888",2015-04-16 13:19:28.000
8648,"41,45399","2,03884",2015-04-16 13:19:15.000
8651,"41,45393","2,03876",2015-04-16 13:19:13.000
8652,"41,45383","2,03673",2015-04-16 13:18:52.000
8653,"41,45369","2,03449",2015-04-16 13:18:32.000
8654,"41,45344","2,03305",2015-04-16 13:18:16.000
8656,"41,45358","2,03283",2015-04-16 13:18:12.000
8657,"41,45363","2,03279",2015-04-16 13:18:11.000
8658,"41,45437","2,03377",2015-04-16 13:17:52.000
8660,"41,45454","2,03569",2015-04-16 13:17:31.000
8661,"41,45462","2,03756",2015-04-16 13:17:11.000
8662,"41,45522","2,03966",2015-04-16 13:16:51.000
8664,"41,4562","2,04141",2015-04-16 13:16:31.000
8665,"41,45709","2,04297",2015-04-16 13:16:11.000
8666,"41,45721","2,04487",2015-04-16 13:15:50.000
8667,"41,45749","2,04736",2015-04-16 13:15:31.000
8668,"41,45817","2,04905",2015-04-16 13:15:10.000
8671,"41,45948","2,05111",2015-04-16 13:14:50.000
8672,"41,46015","2,05344",2015-04-16 13:14:29.000
9888,"41,45902","2,05827",2015-04-16 13:13:47.000
9948,"41,45837","2,06083",2015-04-16 13:13:27.000
9978,"41,45804","2,06325",2015-04-16 13:13:08.000
10010,"41,45798","2,06525",2015-04-16 13:12:47.000
10028,"41,45801","2,06576",2015-04-16 13:12:39.000
10045,"41,45744","2,0653",2015-04-16 13:12:27.000
10071,"41,45584","2,0642",2015-04-16 13:12:11.000
10086,"41,45541","2,06424",2015-04-16 13:12:07.000
10115,"41,45435","2,06504",2015-04-16 13:11:56.000
10116,"41,45366","2,06641",2015-04-16 13:11:46.000
10117,"41,45341","2,06768",2015-04-16 13:11:39.000
10118,"41,45239","2,07003",2015-04-16 13:11:25.000
10119,"41,45131","2,07219",2015-04-16 13:11:05.000
10221,"41,45017","2,07387",2015-04-16 13:10:46.000
10230,"41,45012","2,07394",2015-04-16 13:10:45.000
10254,"41,44851","2,07506",2015-04-16 13:10:24.000
10260,"41,44832","2,0751",2015-04-16 13:10:21.000
10271,"41,44818","2,07547",2015-04-16 13:10:15.000
10284,"41,44775","2,07565",2015-04-16 13:10:05.000
10322,"41,44639","2,07658",2015-04-16 13:09:45.000
10324,"41,44604","2,07666",2015-04-16 13:09:41.000
10352,"41,44511","2,07593",2015-04-16 13:09:25.000
10358,"41,44459","2,07537",2015-04-16 13:09:17.000
10379,"41,44426","2,07519",2015-04-16 13:09:08.000
10383,"41,44431","2,07513",2015-04-16 13:09:06.000
10417,"41,44549","2,0763",2015-04-16 13:08:45.000
10418,"41,44572","2,07653",2015-04-16 13:08:41.000
10420,"41,4467","2,07646",2015-04-16 13:08:26.000
10421,"41,44742","2,07581",2015-04-16 13:08:14.000
10422,"41,44796","2,07554",2015-04-16 13:08:05.000
10452,"41,44804","2,07558",2015-04-16 13:08:02.000
10494,"41,44801","2,0757",2015-04-16 13:07:54.000
10513,"41,44796","2,07568",2015-04-16 13:07:45.000
10540,"41,44796","2,07568",2015-04-16 13:07:25.000
10574,"41,44796","2,07568",2015-04-16 13:07:05.000
10611,"41,44796","2,07568",2015-04-16 13:06:45.000
10640,"41,44796","2,07568",2015-04-16 13:06:25.000
10673,"41,44796","2,07568",2015-04-16 13:06:04.000
10684,"41,44796","2,07568",2015-04-16 13:05:44.000
10685,"41,44796","2,07568",2015-04-16 13:05:24.000
10686,"41,44796","2,07568",2015-04-16 13:05:04.000
10687,"41,44796","2,07568",2015-04-16 13:04:44.000
10688,"41,44796","2,07568",2015-04-16 13:04:24.000
10689,"41,44796","2,07568",2015-04-16 13:04:04.000
10690,"41,44796","2,07568",2015-04-16 13:03:44.000
10696,"41,44796","2,07568",2015-04-16 13:03:23.000
10697,"41,44796","2,07568",2015-04-16 13:03:03.000
10698,"41,44706","2,07617",2015-04-16 13:02:43.000
10699,"41,44596","2,07664",2015-04-16 13:02:26.000
11039,"41,44577","2,07655",2015-04-16 13:02:23.000
11065,"41,44478","2,07559",2015-04-16 13:02:03.000
11066,"41,44464","2,07539",2015-04-16 13:02:00.000
11086,"41,44428","2,07518",2015-04-16 13:01:50.000
11115,"41,44442","2,07475",2015-04-16 13:01:43.000
11141,"41,44526","2,07403",2015-04-16 13:01:23.000
11147,"41,44536","2,07387",2015-04-16 13:01:19.000
11155,"41,44519","2,07379",2015-04-16 13:01:14.000
11168,"41,44487","2,07362",2015-04-16 13:01:06.000
11173,"41,44472","2,07358",2015-04-16 13:01:03.000
11198,"41,44458","2,07322",2015-04-16 13:00:54.000
11228,"41,44469","2,0728",2015-04-16 13:00:42.000
11234,"41,44471","2,07277",2015-04-16 13:00:41.000
11255,"41,44542","2,07215",2015-04-16 13:00:22.000
11281,"41,44542","2,07215",2015-04-16 13:00:02.000
11322,"41,44542","2,07215",2015-04-16 12:59:42.000
11359,"41,44563","2,07201",2015-04-16 12:59:22.000
11387,"41,4462","2,07191",2015-04-16 12:59:02.000
11433,"41,4462","2,07191",2015-04-16 12:58:42.000
11470,"41,4462","2,07191",2015-04-16 12:58:22.000
11513,"41,44646","2,07184",2015-04-16 12:58:02.000
11556,"41,44743","2,0717",2015-04-16 12:57:43.000
11559,"41,4475","2,07179",2015-04-16 12:57:41.000
11575,"41,44769","2,07257",2015-04-16 12:57:32.000
11576,"41,44819","2,07308",2015-04-16 12:57:22.000
11577,"41,44825","2,07321",2015-04-16 12:57:20.000
11578,"41,4481","2,07417",2015-04-16 12:57:09.000
11579,"41,44821","2,07431",2015-04-16 12:57:05.000
11580,"41,44825","2,07454",2015-04-16 12:57:01.000
11581,"41,44824","2,07511",2015-04-16 12:56:54.000
11655,"41,44902","2,07505",2015-04-16 12:56:40.000
11705,"41,45033","2,07372",2015-04-16 12:56:19.000
11708,"41,45066","2,07347",2015-04-16 12:56:15.000
11727,"41,45145","2,0719",2015-04-16 12:55:59.000
11758,"41,45285","2,069",2015-04-16 12:55:39.000
11788,"41,45371","2,06602",2015-04-16 12:55:24.000
11797,"41,45401","2,0654",2015-04-16 12:55:20.000
11816,"41,45533","2,0643",2015-04-16 12:55:09.000
11823,"41,45648","2,06449",2015-04-16 12:54:59.000
11867,"41,45817","2,06572",2015-04-16 12:54:39.000
11904,"41,46024","2,0661",2015-04-16 12:54:19.000
11937,"41,46243","2,06669",2015-04-16 12:54:01.000
11940,"41,46273","2,067",2015-04-16 12:53:58.000
11958,"41,4635","2,06947",2015-04-16 12:53:43.000
11966,"41,46403","2,07018",2015-04-16 12:53:37.000
11975,"41,46435","2,07029",2015-04-16 12:53:34.000
11995,"41,46586","2,07021",2015-04-16 12:53:17.000
12024,"41,46639","2,06975",2015-04-16 12:53:04.000
12027,"41,46684","2,07013",2015-04-16 12:52:58.000
12029,"41,46693","2,07015",2015-04-16 12:52:57.000
12062,"41,46912","2,06999",2015-04-16 12:52:36.000
12082,"41,47043","2,0694",2015-04-16 12:52:22.000
12091,"41,47081","2,06926",2015-04-16 12:52:15.000
12129,"41,47272","2,06824",2015-04-16 12:51:55.000
12146,"41,4743","2,06777",2015-04-16 12:51:38.000
12149,"41,4745","2,06805",2015-04-16 12:51:34.000
12153,"41,47455","2,06813",2015-04-16 12:51:33.000
12181,"41,47619","2,06905",2015-04-16 12:51:15.000
12215,"41,47647","2,06916",2015-04-16 12:50:54.000
12238,"41,47769","2,06913",2015-04-16 12:50:37.000
12246,"41,4779","2,06896",2015-04-16 12:50:34.000
12255,"41,47818","2,06858",2015-04-16 12:50:29.000
12266,"41,47849","2,06893",2015-04-16 12:50:24.000
12281,"41,47954","2,06912",2015-04-16 12:50:14.000
12283,"41,47964","2,0691",2015-04-16 12:50:13.000
12297,"41,47992","2,06879",2015-04-16 12:50:08.000
12315,"41,48044","2,06898",2015-04-16 12:50:01.000
12326,"41,48022","2,06965",2015-04-16 12:49:54.000
12341,"41,48015","2,06988",2015-04-16 12:49:51.000
12365,"41,4802","2,07326",2015-04-16 12:49:33.000
12396,"41,48031","2,07727",2015-04-16 12:49:12.000
12427,"41,48068","2,08019",2015-04-16 12:48:53.000
12429,"41,48065","2,0803",2015-04-16 12:48:52.000
12447,"41,48027","2,0806",2015-04-16 12:48:46.000
12460,"41,47953","2,08165",2015-04-16 12:48:32.000
12500,"41,47846","2,0832",2015-04-16 12:48:13.000
12520,"41,47775","2,08429",2015-04-16 12:48:00.000
12531,"41,47759","2,08473",2015-04-16 12:47:52.000
12559,"41,47811","2,08535",2015-04-16 12:47:32.000
12600,"41,47876","2,08612",2015-04-16 12:47:12.000
12601,"41,47879","2,08616",2015-04-16 12:47:11.000
12612,"41,4788","2,08632",2015-04-16 12:47:07.000
12635,"41,47834","2,08572",2015-04-16 12:46:52.000
12660,"41,47752","2,08478",2015-04-16 12:46:33.000
12706,"41,4766","2,08347",2015-04-16 12:46:12.000
12733,"41,47602","2,08265",2015-04-16 12:45:59.000
12742,"41,47554","2,08221",2015-04-16 12:45:51.000
12774,"41,47502","2,08198",2015-04-16 12:45:31.000
12796,"41,47456","2,08174",2015-04-16 12:45:14.000
12802,"41,47449","2,08179",2015-04-16 12:45:11.000
12818,"41,47446","2,08187",2015-04-16 12:45:05.000
12848,"41,47437","2,08222",2015-04-16 12:44:51.000
12851,"41,47438","2,08224",2015-04-16 12:44:50.000
12869,"41,47446","2,08244",2015-04-16 12:44:45.000
12908,"41,47483","2,08234",2015-04-16 12:44:31.000
12949,"41,47509","2,08172",2015-04-16 12:44:10.000
13004,"41,47536","2,08032",2015-04-16 12:43:52.000
13007,"41,47521","2,08013",2015-04-16 12:43:49.000
13046,"41,47483","2,08005",2015-04-16 12:43:30.000
13081,"41,47352","2,07971",2015-04-16 12:43:09.000
13099,"41,473","2,07952",2015-04-16 12:42:59.000
13107,"41,47291","2,07929",2015-04-16 12:42:53.000
13116,"41,47292","2,07929",2015-04-16 12:42:50.000
13157,"41,47292","2,07929",2015-04-16 12:42:29.000
13186,"41,47292","2,07929",2015-04-16 12:42:08.000
13225,"41,47304","2,0791",2015-04-16 12:41:49.000
13229,"41,47308","2,079",2015-04-16 12:41:47.000
13261,"41,47298","2,07883",2015-04-16 12:41:28.000
13283,"41,47292","2,07873",2015-04-16 12:41:08.000
13302,"41,47255","2,07835",2015-04-16 12:41:00.000
13312,"41,47259","2,07803",2015-04-16 12:40:52.000
13317,"41,4726","2,07766",2015-04-16 12:40:48.000
13330,"41,4725","2,07732",2015-04-16 12:40:43.000
13354,"41,47172","2,07766",2015-04-16 12:40:29.000
13389,"41,46995","2,07794",2015-04-16 12:40:08.000
13397,"41,46972","2,07795",2015-04-16 12:40:02.000
13420,"41,46942","2,07715",2015-04-16 12:39:49.000
13430,"41,46932","2,07677",2015-04-16 12:39:45.000
13457,"41,46818","2,07564",2015-04-16 12:39:28.000
13501,"41,46695","2,07487",2015-04-16 12:39:13.000
13510,"41,46664","2,07503",2015-04-16 12:39:08.000
13515,"41,46653","2,07501",2015-04-16 12:39:06.000
13534,"41,46594","2,07349",2015-04-16 12:38:47.000
13585,"41,46621","2,07163",2015-04-16 12:38:27.000
13597,"41,4661","2,07023",2015-04-16 12:38:19.000
13606,"41,46634","2,06971",2015-04-16 12:38:13.000
13619,"41,46674","2,07007",2015-04-16 12:38:07.000
13621,"41,46681","2,07012",2015-04-16 12:38:06.000
13652,"41,46896","2,07",2015-04-16 12:37:47.000
13677,"41,47043","2,06938",2015-04-16 12:37:32.000
13684,"41,4707","2,06924",2015-04-16 12:37:27.000
13713,"41,47252","2,06833",2015-04-16 12:37:07.000
13739,"41,47427","2,06775",2015-04-16 12:36:47.000
13746,"41,47452","2,06811",2015-04-16 12:36:42.000
13768,"41,47587","2,06892",2015-04-16 12:36:27.000
13794,"41,47766","2,06911",2015-04-16 12:36:07.000
13808,"41,47823","2,06858",2015-04-16 12:35:56.000
13820,"41,47846","2,06892",2015-04-16 12:35:50.000
13828,"41,47851","2,069",2015-04-16 12:35:47.000
13855,"41,47978","2,06899",2015-04-16 12:35:27.000
13856,"41,47983","2,06891",2015-04-16 12:35:26.000
13869,"41,48048","2,06929",2015-04-16 12:35:15.000
13881,"41,48098","2,06954",2015-04-16 12:35:08.000
13908,"41,48252","2,06996",2015-04-16 12:34:52.000
13918,"41,4829","2,06966",2015-04-16 12:34:47.000
13936,"41,48384","2,06844",2015-04-16 12:34:32.000
13948,"41,48416","2,06852",2015-04-16 12:34:26.000
13975,"41,48586","2,06829",2015-04-16 12:34:06.000
13985,"41,48649","2,06818",2015-04-16 12:34:00.000
14016,"41,48709","2,06713",2015-04-16 12:33:45.000
14023,"41,48755","2,06568",2015-04-16 12:33:35.000
14043,"41,48761","2,06425",2015-04-16 12:33:26.000
14069,"41,48707","2,06238",2015-04-16 12:33:08.000
14072,"41,487","2,06213",2015-04-16 12:33:05.000
14099,"41,48667","2,05998",2015-04-16 12:32:46.000
14122,"41,48546","2,0595",2015-04-16 12:32:25.000
14154,"41,48424","2,05888",2015-04-16 12:32:05.000
14170,"41,48362","2,05841",2015-04-16 12:31:53.000
14185,"41,48361","2,05827",2015-04-16 12:31:48.000
14187,"41,48367","2,05832",2015-04-16 12:31:45.000
14204,"41,48395","2,05867",2015-04-16 12:31:38.000
14218,"41,48484","2,05924",2015-04-16 12:31:25.000
14255,"41,48656","2,05958",2015-04-16 12:31:04.000
14258,"41,48662","2,05952",2015-04-16 12:31:03.000
14267,"41,48687","2,0597",2015-04-16 12:30:58.000
14274,"41,48672","2,06011",2015-04-16 12:30:53.000
14295,"41,48688","2,06102",2015-04-16 12:30:45.000
14319,"41,48722","2,06198",2015-04-16 12:30:36.000
14322,"41,48721","2,06233",2015-04-16 12:30:31.000
14333,"41,48697","2,06217",2015-04-16 12:30:26.000
14334,"41,48697","2,0621",2015-04-16 12:30:25.000
14339,"41,48717","2,06192",2015-04-16 12:30:20.000
14364,"41,48759","2,06347",2015-04-16 12:30:05.000
14392,"41,48742","2,06639",2015-04-16 12:29:44.000
14436,"41,48707","2,06731",2015-04-16 12:29:36.000
14461,"41,48691","2,06829",2015-04-16 12:29:26.000
14462,"41,48678","2,06834",2015-04-16 12:29:24.000
14465,"41,48658","2,06822",2015-04-16 12:29:21.000
14491,"41,48506","2,06849",2015-04-16 12:29:04.000
14515,"41,4839","2,06887",2015-04-16 12:28:49.000
14527,"41,48357","2,0691",2015-04-16 12:28:43.000
14538,"41,48292","2,06976",2015-04-16 12:28:35.000
14556,"41,48169","2,06987",2015-04-16 12:28:23.000
14590,"41,48036","2,06953",2015-04-16 12:28:08.000
14598,"41,48019","2,06984",2015-04-16 12:28:03.000
14613,"41,48016","2,0701",2015-04-16 12:28:00.000
14634,"41,48019","2,07332",2015-04-16 12:27:43.000
14661,"41,48029","2,0771",2015-04-16 12:27:23.000
14695,"41,48069","2,08022",2015-04-16 12:27:03.000
14736,"41,47957","2,08158",2015-04-16 12:26:42.000
14779,"41,47853","2,0831",2015-04-16 12:26:22.000
14805,"41,47762","2,08448",2015-04-16 12:26:03.000
14854,"41,47668","2,08547",2015-04-16 12:25:43.000
14879,"41,47556","2,08601",2015-04-16 12:25:23.000
14917,"41,47539","2,0861",2015-04-16 12:25:03.000
14952,"41,47434","2,08643",2015-04-16 12:24:43.000
14953,"41,47426","2,08644",2015-04-16 12:24:42.000
14992,"41,47369","2,08697",2015-04-16 12:24:23.000
15025,"41,4738","2,08841",2015-04-16 12:24:02.000
15055,"41,4739","2,08993",2015-04-16 12:23:43.000
15080,"41,47391","2,09046",2015-04-16 12:23:22.000
15117,"41,47391","2,09046",2015-04-16 12:23:02.000
15140,"41,47391","2,09046",2015-04-16 12:22:42.000
15172,"41,47393","2,09069",2015-04-16 12:22:22.000
15198,"41,474","2,09174",2015-04-16 12:22:01.000
15206,"41,474","2,09179",2015-04-16 12:21:59.000
15230,"41,47408","2,09298",2015-04-16 12:21:41.000
15244,"41,47427","2,09361",2015-04-16 12:21:32.000
15269,"41,474","2,09406",2015-04-16 12:21:20.000
15280,"41,4737","2,09455",2015-04-16 12:21:13.000
15293,"41,47374","2,09588",2015-04-16 12:21:01.000
15334,"41,47388","2,09724",2015-04-16 12:20:47.000
15343,"41,47362","2,09738",2015-04-16 12:20:42.000
15344,"41,47348","2,09744",2015-04-16 12:20:40.000
15375,"41,47167","2,0968",2015-04-16 12:20:19.000
15383,"41,47148","2,09666",2015-04-16 12:20:16.000
15410,"41,47149","2,09641",2015-04-16 12:20:00.000
15439,"41,47192","2,09454",2015-04-16 12:19:40.000
15452,"41,47195","2,09362",2015-04-16 12:19:30.000
15464,"41,47188","2,09269",2015-04-16 12:19:20.000
15471,"41,47184","2,09237",2015-04-16 12:19:15.000
15506,"41,47142","2,09224",2015-04-16 12:19:00.000
15545,"41,47046","2,09236",2015-04-16 12:18:40.000
15573,"41,47032","2,09234",2015-04-16 12:18:20.000
15601,"41,47032","2,09234",2015-04-16 12:17:59.000
15637,"41,47032","2,09234",2015-04-16 12:17:38.000
15666,"41,47032","2,09234",2015-04-16 12:17:19.000
15695,"41,47032","2,09234",2015-04-16 12:16:59.000
15726,"41,47032","2,09234",2015-04-16 12:16:38.000
15767,"41,47032","2,09234",2015-04-16 12:16:18.000
15813,"41,47032","2,09234",2015-04-16 12:15:59.000
15848,"41,47032","2,09234",2015-04-16 12:15:38.000
15884,"41,47032","2,09234",2015-04-16 12:15:18.000
15911,"41,47032","2,09234",2015-04-16 12:14:58.000
15952,"41,47032","2,09234",2015-04-16 12:14:38.000
15967,"41,47018","2,09241",2015-04-16 12:14:27.000
15979,"41,47011","2,09321",2015-04-16 12:14:18.000
16010,"41,46973","2,09497",2015-04-16 12:13:57.000
16022,"41,46966","2,09565",2015-04-16 12:13:49.000
16030,"41,46935","2,09554",2015-04-16 12:13:43.000
16041,"41,46948","2,09523",2015-04-16 12:13:38.000
16053,"41,46974","2,09549",2015-04-16 12:13:32.000
16075,"41,4707","2,09623",2015-04-16 12:13:17.000
16103,"41,47228","2,0973",2015-04-16 12:12:57.000
16104,"41,47234","2,09735",2015-04-16 12:12:56.000
16136,"41,47356","2,09735",2015-04-16 12:12:37.000
16140,"41,47365","2,09724",2015-04-16 12:12:35.000
16169,"41,47462","2,09753",2015-04-16 12:12:18.000
16195,"41,47593","2,09792",2015-04-16 12:11:59.000
16198,"41,47595","2,09798",2015-04-16 12:11:58.000
16201,"41,47582","2,09815",2015-04-16 12:11:54.000
16207,"41,47564","2,09789",2015-04-16 12:11:49.000
16225,"41,47487","2,0976",2015-04-16 12:11:37.000
16254,"41,47377","2,09738",2015-04-16 12:11:19.000
16256,"41,47374","2,09734",2015-04-16 12:11:18.000
16283,"41,47365","2,09561",2015-04-16 12:10:57.000
16312,"41,47391","2,09412",2015-04-16 12:10:38.000
16326,"41,47396","2,09347",2015-04-16 12:10:29.000
16346,"41,47459","2,0942",2015-04-16 12:10:17.000
16381,"41,47615","2,09573",2015-04-16 12:09:56.000
16389,"41,47674","2,09613",2015-04-16 12:09:48.000
16405,"41,47734","2,0961",2015-04-16 12:09:36.000
16442,"41,47786","2,09548",2015-04-16 12:09:17.000
16488,"41,47949","2,09364",2015-04-16 12:08:56.000
16496,"41,48014","2,09325",2015-04-16 12:08:49.000
16510,"41,48091","2,0922",2015-04-16 12:08:37.000
16541,"41,48198","2,09012",2015-04-16 12:08:16.000
16576,"41,48277","2,08698",2015-04-16 12:07:56.000
16580,"41,48281","2,08664",2015-04-16 12:07:54.000
16596,"41,48231","2,08424",2015-04-16 12:07:37.000
16626,"41,48074","2,08102",2015-04-16 12:07:17.000
16628,"41,48067","2,08091",2015-04-16 12:07:16.000
16636,"41,48017","2,08055",2015-04-16 12:07:10.000
16654,"41,48028","2,07894",2015-04-16 12:06:57.000
16694,"41,48014","2,07484",2015-04-16 12:06:36.000
16725,"41,48005","2,07091",2015-04-16 12:06:16.000
16746,"41,4801","2,07002",2015-04-16 12:06:10.000
16757,"41,47983","2,06941",2015-04-16 12:06:03.000
16768,"41,47944","2,06928",2015-04-16 12:05:56.000
16801,"41,47803","2,06918",2015-04-16 12:05:39.000
16806,"41,47801","2,0689",2015-04-16 12:05:36.000
16812,"41,47816","2,06864",2015-04-16 12:05:33.000
16836,"41,47814","2,06777",2015-04-16 12:05:16.000
16846,"41,47823","2,06686",2015-04-16 12:05:06.000
16869,"41,4778","2,06654",2015-04-16 12:04:56.000
16900,"41,47696","2,06617",2015-04-16 12:04:37.000
16928,"41,47655","2,06598",2015-04-16 12:04:17.000
16954,"41,47655","2,06598",2015-04-16 12:03:56.000
16995,"41,47655","2,06598",2015-04-16 12:03:36.000
17017,"41,47589","2,06564",2015-04-16 12:03:21.000
17029,"41,47578","2,06591",2015-04-16 12:03:15.000
17057,"41,47551","2,06853",2015-04-16 12:02:54.000
17059,"41,47553","2,06859",2015-04-16 12:02:53.000
17086,"41,47686","2,06906",2015-04-16 12:02:35.000
17117,"41,47772","2,06911",2015-04-16 12:02:23.000
17129,"41,47805","2,06859",2015-04-16 12:02:16.000
17133,"41,47814","2,06856",2015-04-16 12:02:15.000
17143,"41,47839","2,06891",2015-04-16 12:02:10.000
17148,"41,47816","2,06922",2015-04-16 12:02:05.000
17167,"41,47791","2,07023",2015-04-16 12:01:55.000
17195,"41,47705","2,07285",2015-04-16 12:01:35.000
17228,"41,47589","2,07518",2015-04-16 12:01:15.000
17258,"41,47463","2,07692",2015-04-16 12:00:55.000
17288,"41,47371","2,07818",2015-04-16 12:00:34.000
17319,"41,47268","2,07961",2015-04-16 12:00:14.000
17364,"41,47237","2,08013",2015-04-16 11:59:54.000
17391,"41,47237","2,08013",2015-04-16 11:59:35.000
17414,"41,47231","2,08027",2015-04-16 11:59:14.000
17452,"41,47192","2,08177",2015-04-16 11:58:54.000
17453,"41,47188","2,08194",2015-04-16 11:58:52.000
17478,"41,47089","2,08226",2015-04-16 11:58:33.000
17505,"41,47011","2,08252",2015-04-16 11:58:14.000
17543,"41,47009","2,08253",2015-04-16 11:57:54.000
17570,"41,46906","2,08324",2015-04-16 11:57:34.000
17592,"41,46838","2,08378",2015-04-16 11:57:20.000
17601,"41,46834","2,08419",2015-04-16 11:57:14.000
17634,"41,46834","2,08419",2015-04-16 11:56:54.000
17668,"41,46834","2,08419",2015-04-16 11:56:34.000
17700,"41,46843","2,08439",2015-04-16 11:56:14.000
17728,"41,46909","2,08588",2015-04-16 11:55:54.000
17772,"41,4691","2,08591",2015-04-16 11:55:34.000
17798,"41,46933","2,08641",2015-04-16 11:55:14.000
17827,"41,46956","2,08686",2015-04-16 11:54:54.000
17866,"41,46984","2,08775",2015-04-16 11:54:34.000
17899,"41,47","2,08976",2015-04-16 11:54:14.000
17912,"41,47016","2,09034",2015-04-16 11:54:07.000
17916,"41,47","2,09065",2015-04-16 11:54:01.000
17927,"41,46981","2,09033",2015-04-16 11:53:55.000
17928,"41,46984","2,09025",2015-04-16 11:53:54.000
17939,"41,47012","2,09024",2015-04-16 11:53:49.000
17975,"41,47063","2,09026",2015-04-16 11:53:34.000
18011,"41,47063","2,09026",2015-04-16 11:53:14.000
18030,"41,47063","2,09026",2015-04-16 11:52:54.000
18070,"41,47063","2,09026",2015-04-16 11:52:34.000
18098,"41,47063","2,09026",2015-04-16 11:52:25.000
